PassengerId,Survived,Pclass,Name,Sex,Age,SibSp,Parch,Ticket,Fare,Cabin,Embarked
1,0,2,"Allen, Mr. William Henry",nan,35.0,1,0,STON/O2. 3101282,53.1,C123,
2,1,3,"Braund, Mr. Owen Harris",female,54.0,1,0,A/5 21171,30.0708,,
3,0,1,"Cumings, Mrs. John Bradley",nan,14.0,2,1,STON/O2. 3101282,51.8625,C123,C
4,0,1,"Palsson, Master. Gosta Leonard",female,2.0,3,1,113803,21.075,C123,
5,0,1,"Heikkinen, Miss. Laina",Male,35.0,3,0,A/5 21171,7.25,,S
6,1,1,"Nasser, Mrs. Nicholas",FEMALE,27.0,3,2,STON/O2. 3101282,53.1,C85,C
7,0,1,"Heikkinen, Miss. Laina",FEMALE,14.0,2,0,STON/O2. 3101282,8.4583,,Q
8,0,1,"Palsson, Master. Gosta Leonard",Male,38.0,1,1,PC 17599,7.925,nan,
9,0,1,"Palsson, Master. Gosta Leonard",male,27.0,3,2,373450,8.05,E46,
10,1,2,"Cumings, Mrs. John Bradley",nan,38.0,3,1,A/5 21171,30.0708,,C
11,0,3,"Palsson, Master. Gosta Leonard",Male,38.0,0,1,PC 17599,11.1333,C123,nan
12,0,1,"Braund, Mr. Owen Harris",nan,14.0,3,2,113803,7.925,C123,
13,0,2,"Moran, Mr. James",,38.0,1,0,373450,8.05,,S
14,0,2,"Palsson, Master. Gosta Leonard",FEMALE,,1,0,A/5 21171,21.075,E46,
15,1,3,"Heikkinen, Miss. Laina",nan,22.0,0,0,STON/O2. 3101282,8.4583,,Q
16,0,1,"Palsson, Master. Gosta Leonard",female,,3,0,A/5 21171,53.1,E46,
17,1,3,"Braund, Mr. Owen Harris",nan,22.0,3,2,STON/O2. 3101282,21.075,E46,nan
18,1,1,"Johnson, Mrs. Oscar W",,38.0,3,2,373450,7.925,nan,
19,1,2,"Johnson, Mrs. Oscar W",FEMALE,2.0,2,2,STON/O2. 3101282,7.925,C123,C
20,0,2,"Allen, Mr. William Henry",Male,2.0,3,1,113803,53.1,C123,
21,1,2,"Nasser, Mrs. Nicholas",,22.0,1,2,STON/O2. 3101282,11.1333,E46,nan
22,0,2,"Futrelle, Mrs. Jacques Heath",FEMALE,27.0,1,0,113803,8.05,C123,C
23,1,3,"Moran, Mr. James",nan,14.0,2,1,373450,21.075,C85,S
24,1,1,"McCarthy, Mr. Timothy J",male,38.0,2,0,373450,8.4583,E46,C
25,1,1,"Allen, Mr. William Henry",male,14.0,3,0,A/5 21171,7.925,C123,Q
26,1,3,"Nasser, Mrs. Nicholas",female,,0,2,113803,21.075,C85,C
27,1,1,"Johnson, Mrs. Oscar W",FEMALE,2.0,2,2,113803,11.1333,nan,S
28,1,2,"Heikkinen, Miss. Laina",male,54.0,2,0,PC 17599,21.075,C123,
29,1,1,"McCarthy, Mr. Timothy J",Male,,3,0,PC 17599,53.1,C85,C
30,1,2,"Nasser, Mrs. Nicholas",FEMALE,,3,1,PC 17599,8.4583,,C
31,0,3,"Nasser, Mrs. Nicholas",Male,22.0,2,2,STON/O2. 3101282,7.25,,C
32,0,1,"Allen, Mr. William Henry",Male,26.0,0,1,PC 17599,53.1,C85,C
33,1,3,"McCarthy, Mr. Timothy J",male,,2,1,113803,21.075,E46,S
34,1,1,"Cumings, Mrs. John Bradley",FEMALE,38.0,3,1,STON/O2. 3101282,7.25,E46,nan
35,1,2,"Futrelle, Mrs. Jacques Heath",nan,35.0,3,0,373450,7.925,C123,nan
36,0,3,"Cumings, Mrs. John Bradley",,35.0,2,1,A/5 21171,7.25,,C
37,1,1,"McCarthy, Mr. Timothy J",male,38.0,0,1,PC 17599,11.1333,E46,S
38,0,2,"Cumings, Mrs. John Bradley",male,26.0,2,0,373450,71.2833,E46,S
39,0,3,"Braund, Mr. Owen Harris",nan,26.0,2,2,113803,11.1333,,C
40,0,3,"Johnson, Mrs. Oscar W",FEMALE,22.0,3,2,A/5 21171,53.1,nan,Q
41,0,1,"Braund, Mr. Owen Harris",FEMALE,2.0,0,1,373450,71.2833,E46,C
42,0,1,"Palsson, Master. Gosta Leonard",Male,14.0,1,0,A/5 21171,53.1,C85,Q
43,1,1,"Cumings, Mrs. John Bradley",nan,26.0,0,2,PC 17599,30.0708,C123,C
44,1,2,"Palsson, Master. Gosta Leonard",nan,54.0,2,1,113803,8.4583,E46,Q
45,1,1,"Heikkinen, Miss. Laina",FEMALE,22.0,2,1,A/5 21171,51.8625,E46,Q
46,1,3,"Moran, Mr. James",Male,27.0,2,0,373450,7.925,nan,C
47,1,3,"Heikkinen, Miss. Laina",male,22.0,0,1,PC 17599,7.925,C85,Q
48,0,1,"McCarthy, Mr. Timothy J",female,,3,2,PC 17599,30.0708,C123,
49,1,1,"Nasser, Mrs. Nicholas",,14.0,2,0,373450,21.075,E46,nan
50,1,3,"Johnson, Mrs. Oscar W",male,27.0,2,2,373450,8.05,C123,S
51,0,2,"Cumings, Mrs. John Bradley",FEMALE,27.0,0,2,A/5 21171,53.1,,Q
52,1,1,"Allen, Mr. William Henry",,54.0,1,2,STON/O2. 3101282,51.8625,E46,Q
53,0,1,"Moran, Mr. James",female,54.0,1,1,PC 17599,51.8625,E46,S
54,1,3,"Futrelle, Mrs. Jacques Heath",female,54.0,3,1,A/5 21171,11.1333,,Q
55,0,1,"Futrelle, Mrs. Jacques Heath",Male,22.0,3,2,373450,11.1333,nan,S
56,1,2,"Futrelle, Mrs. Jacques Heath",,14.0,2,2,A/5 21171,8.05,E46,C
57,1,3,"Cumings, Mrs. John Bradley",Male,22.0,0,0,373450,21.075,C123,
58,0,1,"Futrelle, Mrs. Jacques Heath",male,35.0,2,0,113803,30.0708,C85,
59,0,3,"Braund, Mr. Owen Harris",nan,,3,1,373450,7.25,C123,nan
60,0,1,"Moran, Mr. James",nan,,0,1,373450,11.1333,nan,Q
61,0,1,"Braund, Mr. Owen Harris",nan,54.0,0,0,373450,21.075,C85,nan
62,0,1,"Nasser, Mrs. Nicholas",,35.0,3,2,STON/O2. 3101282,8.4583,C123,C
63,0,2,"Moran, Mr. James",nan,26.0,1,1,373450,7.925,C123,
64,0,2,"Braund, Mr. Owen Harris",male,26.0,1,2,PC 17599,7.925,,C
65,0,3,"Moran, Mr. James",Male,54.0,0,0,PC 17599,21.075,nan,C
66,1,1,"Nasser, Mrs. Nicholas",,22.0,2,1,A/5 21171,8.05,,Q
67,1,1,"Palsson, Master. Gosta Leonard",Male,54.0,1,1,STON/O2. 3101282,30.0708,C85,C
68,0,2,"Cumings, Mrs. John Bradley",,2.0,2,0,A/5 21171,51.8625,,
69,1,1,"Cumings, Mrs. John Bradley",Male,27.0,1,1,PC 17599,8.05,nan,nan
70,1,2,"Futrelle, Mrs. Jacques Heath",female,,1,0,PC 17599,21.075,E46,
71,1,1,"Heikkinen, Miss. Laina",Male,26.0,2,1,113803,30.0708,E46,Q
72,1,3,"Futrelle, Mrs. Jacques Heath",nan,38.0,3,0,373450,30.0708,C85,
73,0,1,"McCarthy, Mr. Timothy J",female,26.0,1,1,PC 17599,53.1,E46,S
74,1,1,"Braund, Mr. Owen Harris",Male,,1,2,A/5 21171,71.2833,,nan
75,0,2,"Moran, Mr. James",,27.0,2,2,A/5 21171,7.925,C85,S
76,1,1,"Heikkinen, Miss. Laina",,,3,2,373450,21.075,nan,S
77,1,1,"Nasser, Mrs. Nicholas",,38.0,1,1,373450,51.8625,C85,Q
78,1,2,"McCarthy, Mr. Timothy J",FEMALE,54.0,1,1,113803,71.2833,C85,C
79,0,3,"Nasser, Mrs. Nicholas",male,35.0,3,2,STON/O2. 3101282,8.4583,C123,S
80,1,3,"Cumings, Mrs. John Bradley",,38.0,1,2,A/5 21171,11.1333,C123,
81,0,2,"Cumings, Mrs. John Bradley",female,,3,0,373450,53.1,C85,C
82,1,2,"Futrelle, Mrs. Jacques Heath",,,3,0,A/5 21171,11.1333,E46,
83,0,2,"Braund, Mr. Owen Harris",FEMALE,2.0,2,0,373450,71.2833,C123,
84,1,2,"Heikkinen, Miss. Laina",nan,2.0,0,2,PC 17599,71.2833,nan,C
85,0,2,"Johnson, Mrs. Oscar W",female,14.0,3,2,A/5 21171,11.1333,,C
86,0,3,"McCarthy, Mr. Timothy J",FEMALE,2.0,2,2,PC 17599,51.8625,C123,
87,1,3,"McCarthy, Mr. Timothy J",nan,22.0,0,0,A/5 21171,51.8625,C85,Q
88,0,2,"Futrelle, Mrs. Jacques Heath",female,35.0,1,1,STON/O2. 3101282,7.25,E46,nan
89,1,1,"Cumings, Mrs. John Bradley",Male,27.0,0,2,113803,8.4583,,nan
90,1,2,"Futrelle, Mrs. Jacques Heath",male,38.0,3,1,PC 17599,51.8625,C123,Q
91,1,1,"Moran, Mr. James",male,,3,1,373450,8.4583,E46,C
92,1,2,"Heikkinen, Miss. Laina",FEMALE,14.0,3,1,STON/O2. 3101282,8.4583,E46,
93,1,2,"Braund, Mr. Owen Harris",nan,14.0,3,0,A/5 21171,71.2833,E46,nan
94,1,3,"Palsson, Master. Gosta Leonard",male,27.0,3,1,PC 17599,8.4583,C85,
95,1,1,"Allen, Mr. William Henry",nan,35.0,2,2,A/5 21171,53.1,nan,Q
96,1,1,"Allen, Mr. William Henry",nan,38.0,3,0,A/5 21171,11.1333,E46,
97,1,3,"Futrelle, Mrs. Jacques Heath",FEMALE,26.0,2,2,A/5 21171,7.25,,Q
98,1,3,"Moran, Mr. James",FEMALE,2.0,1,2,113803,21.075,C123,C
99,1,3,"Heikkinen, Miss. Laina",FEMALE,54.0,3,0,113803,8.05,,Q
100,0,3,"Johnson, Mrs. Oscar W",male,14.0,3,2,373450,7.25,C85,Q
101,0,1,"Allen, Mr. William Henry",FEMALE,2.0,0,2,PC 17599,53.1,C85,nan
102,1,1,"Heikkinen, Miss. Laina",male,2.0,1,0,STON/O2. 3101282,7.25,,
103,1,2,"Braund, Mr. Owen Harris",FEMALE,22.0,3,2,STON/O2. 3101282,8.4583,nan,nan
104,1,2,"Nasser, Mrs. Nicholas",,35.0,3,1,STON/O2. 3101282,71.2833,C85,S
105,1,3,"Moran, Mr. James",nan,54.0,1,2,A/5 21171,8.05,C85,Q
106,1,3,"Cumings, Mrs. John Bradley",FEMALE,26.0,2,1,113803,51.8625,,S
107,1,3,"Heikkinen, Miss. Laina",female,,3,2,PC 17599,71.2833,C85,nan
108,1,2,"Braund, Mr. Owen Harris",nan,22.0,0,0,A/5 21171,8.4583,nan,
109,1,2,"Johnson, Mrs. Oscar W",nan,2.0,3,0,113803,8.4583,nan,nan
110,0,2,"Palsson, Master. Gosta Leonard",FEMALE,2.0,0,2,113803,8.05,nan,
111,1,2,"Cumings, Mrs. John Bradley",Male,54.0,0,0,PC 17599,8.05,C123,
112,0,2,"Palsson, Master. Gosta Leonard",FEMALE,54.0,3,2,PC 17599,7.925,nan,C
113,1,2,"Johnson, Mrs. Oscar W",nan,54.0,3,0,PC 17599,30.0708,nan,Q
114,1,2,"Braund, Mr. Owen Harris",female,2.0,0,1,A/5 21171,30.0708,C123,nan
115,0,3,"Allen, Mr. William Henry",nan,14.0,1,2,373450,71.2833,E46,
116,1,3,"Palsson, Master. Gosta Leonard",female,38.0,1,1,PC 17599,51.8625,C85,nan
117,0,3,"Cumings, Mrs. John Bradley",male,2.0,3,1,373450,7.25,nan,nan
118,1,3,"Futrelle, Mrs. Jacques Heath",,22.0,2,2,A/5 21171,8.4583,C85,
119,1,2,"McCarthy, Mr. Timothy J",nan,35.0,1,1,373450,8.4583,,S
120,0,1,"Heikkinen, Miss. Laina",FEMALE,26.0,3,2,STON/O2. 3101282,7.925,C85,Q
121,1,2,"Allen, Mr. William Henry",male,,1,1,373450,71.2833,C123,Q
122,0,1,"Palsson, Master. Gosta Leonard",,26.0,2,2,PC 17599,71.2833,C85,C
123,1,3,"Nasser, Mrs. Nicholas",FEMALE,2.0,3,2,A/5 21171,11.1333,C85,C
124,0,2,"Heikkinen, Miss. Laina",Male,22.0,2,0,PC 17599,8.05,C85,C
125,0,3,"Futrelle, Mrs. Jacques Heath",FEMALE,2.0,3,2,STON/O2. 3101282,51.8625,E46,Q
126,1,2,"Johnson, Mrs. Oscar W",female,35.0,2,2,PC 17599,8.05,E46,S
127,1,3,"McCarthy, Mr. Timothy J",female,14.0,1,1,PC 17599,51.8625,,Q
128,0,1,"Braund, Mr. Owen Harris",Male,,1,2,PC 17599,53.1,C123,Q
129,1,1,"Futrelle, Mrs. Jacques Heath",male,35.0,2,0,113803,21.075,C85,Q
130,1,1,"Futrelle, Mrs. Jacques Heath",,2.0,2,1,STON/O2. 3101282,30.0708,C85,Q
131,1,2,"Johnson, Mrs. Oscar W",FEMALE,22.0,2,1,PC 17599,30.0708,C85,S
132,0,1,"Moran, Mr. James",female,35.0,3,0,PC 17599,51.8625,C85,C
133,0,2,"Johnson, Mrs. Oscar W",male,27.0,1,1,PC 17599,30.0708,E46,nan
134,0,1,"Moran, Mr. James",Male,22.0,3,1,A/5 21171,8.05,,C
135,0,1,"Moran, Mr. James",nan,14.0,1,1,113803,8.4583,nan,C
136,0,2,"Allen, Mr. William Henry",female,2.0,0,1,A/5 21171,8.05,C123,nan
137,0,2,"Allen, Mr. William Henry",Male,54.0,3,0,113803,51.8625,C85,Q
138,0,1,"Cumings, Mrs. John Bradley",FEMALE,,1,0,PC 17599,71.2833,,S
139,0,2,"Palsson, Master. Gosta Leonard",,38.0,1,1,STON/O2. 3101282,8.05,nan,S
140,0,1,"Palsson, Master. Gosta Leonard",female,54.0,3,1,373450,30.0708,,C
141,1,2,"Braund, Mr. Owen Harris",female,2.0,3,0,373450,7.925,E46,nan
142,0,3,"Palsson, Master. Gosta Leonard",FEMALE,27.0,1,0,PC 17599,11.1333,nan,
143,1,3,"Allen, Mr. William Henry",nan,54.0,3,0,A/5 21171,8.4583,,Q
144,1,3,"Cumings, Mrs. John Bradley",male,,2,1,STON/O2. 3101282,30.0708,E46,C
145,1,3,"Cumings, Mrs. John Bradley",,22.0,3,1,113803,7.925,,S
146,0,3,"Moran, Mr. James",female,27.0,3,2,PC 17599,51.8625,,nan
147,0,1,"Johnson, Mrs. Oscar W",,27.0,3,0,STON/O2. 3101282,53.1,nan,nan
148,0,3,"Braund, Mr. Owen Harris",female,35.0,1,1,STON/O2. 3101282,7.925,E46,C
149,0,3,"Moran, Mr. James",,,2,0,113803,21.075,C85,
150,1,3,"Johnson, Mrs. Oscar W",Male,54.0,0,1,STON/O2. 3101282,53.1,C123,S
151,0,3,"Palsson, Master. Gosta Leonard",female,35.0,0,0,A/5 21171,7.25,nan,C
152,0,2,"Moran, Mr. James",,27.0,2,1,A/5 21171,8.4583,E46,
153,0,1,"Heikkinen, Miss. Laina",male,35.0,2,2,A/5 21171,30.0708,,nan
154,0,3,"Palsson, Master. Gosta Leonard",Male,26.0,2,2,STON/O2. 3101282,7.25,E46,Q
155,0,3,"Johnson, Mrs. Oscar W",Male,,1,0,A/5 21171,8.05,C123,S
156,1,3,"Braund, Mr. Owen Harris",male,14.0,0,1,113803,51.8625,C123,S
157,0,1,"Johnson, Mrs. Oscar W",,22.0,2,1,STON/O2. 3101282,8.4583,C85,
158,1,2,"Moran, Mr. James",FEMALE,27.0,1,0,373450,71.2833,C85,C
159,0,1,"Moran, Mr. James",male,,0,1,STON/O2. 3101282,53.1,C123,nan
160,1,2,"Futrelle, Mrs. Jacques Heath",,14.0,3,0,113803,71.2833,nan,
161,0,3,"Braund, Mr. Owen Harris",male,14.0,1,1,373450,7.25,nan,Q
162,0,3,"Nasser, Mrs. Nicholas",male,2.0,0,0,STON/O2. 3101282,7.925,,Q
163,1,1,"Palsson, Master. Gosta Leonard",female,35.0,1,1,A/5 21171,7.925,C85,Q
164,1,1,"Cumings, Mrs. John Bradley",,14.0,0,0,PC 17599,51.8625,,
165,1,2,"Braund, Mr. Owen Harris",FEMALE,26.0,0,1,PC 17599,7.25,C85,nan
166,0,2,"Cumings, Mrs. John Bradley",female,,3,2,A/5 21171,11.1333,C123,S
167,1,1,"Braund, Mr. Owen Harris",male,38.0,1,1,PC 17599,8.4583,nan,C
168,0,2,"Braund, Mr. Owen Harris",nan,38.0,2,0,PC 17599,53.1,nan,S
169,0,1,"Johnson, Mrs. Oscar W",male,27.0,3,2,A/5 21171,7.925,C123,nan
170,1,2,"Braund, Mr. Owen Harris",male,35.0,3,1,A/5 21171,7.925,,S
171,1,1,"Futrelle, Mrs. Jacques Heath",,14.0,0,2,STON/O2. 3101282,71.2833,,
172,0,1,"Nasser, Mrs. Nicholas",,,2,1,STON/O2. 3101282,71.2833,E46,Q
173,0,1,"Moran, Mr. James",female,27.0,1,2,A/5 21171,30.0708,C85,nan
174,1,2,"McCarthy, Mr. Timothy J",FEMALE,54.0,2,0,113803,8.05,,nan
175,1,2,"Cumings, Mrs. John Bradley",female,14.0,2,1,PC 17599,11.1333,C123,S
176,1,2,"Moran, Mr. James",Male,35.0,2,1,STON/O2. 3101282,71.2833,,
177,0,1,"McCarthy, Mr. Timothy J",male,38.0,2,0,PC 17599,71.2833,nan,S
178,0,2,"Nasser, Mrs. Nicholas",nan,2.0,2,2,373450,8.4583,C85,S
179,0,2,"Nasser, Mrs. Nicholas",male,,0,0,A/5 21171,30.0708,E46,nan
180,0,1,"Cumings, Mrs. John Bradley",male,22.0,0,0,113803,71.2833,C85,S
181,0,3,"Cumings, Mrs. John Bradley",female,27.0,3,2,373450,53.1,nan,Q
182,0,1,"Nasser, Mrs. Nicholas",nan,,0,0,373450,8.4583,nan,S
183,1,2,"McCarthy, Mr. Timothy J",nan,,3,1,373450,8.05,nan,Q
184,0,1,"Braund, Mr. Owen Harris",nan,26.0,3,1,A/5 21171,7.25,nan,nan
185,0,3,"Palsson, Master. Gosta Leonard",female,54.0,1,1,STON/O2. 3101282,8.4583,C123,
186,0,1,"Heikkinen, Miss. Laina",male,14.0,2,0,A/5 21171,7.25,E46,Q
187,1,2,"Moran, Mr. James",female,14.0,0,1,STON/O2. 3101282,7.925,nan,
188,0,3,"Johnson, Mrs. Oscar W",,35.0,1,1,373450,30.0708,nan,
189,0,2,"Moran, Mr. James",,22.0,0,1,373450,8.05,,Q
190,1,3,"Johnson, Mrs. Oscar W",female,22.0,3,1,113803,30.0708,E46,nan
191,0,3,"McCarthy, Mr. Timothy J",nan,35.0,0,1,STON/O2. 3101282,8.05,C85,C
192,0,1,"Johnson, Mrs. Oscar W",male,2.0,2,1,373450,30.0708,E46,
193,0,1,"Cumings, Mrs. John Bradley",female,14.0,3,0,PC 17599,8.4583,E46,
194,0,2,"Palsson, Master. Gosta Leonard",female,2.0,3,1,113803,30.0708,E46,nan
195,0,1,"Palsson, Master. Gosta Leonard",female,,1,1,A/5 21171,21.075,nan,nan
196,1,1,"Cumings, Mrs. John Bradley",Male,,2,2,113803,8.05,nan,S
197,1,3,"Futrelle, Mrs. Jacques Heath",,38.0,3,0,PC 17599,7.25,C123,nan
198,1,1,"McCarthy, Mr. Timothy J",nan,22.0,2,0,STON/O2. 3101282,8.05,C85,
199,0,3,"Futrelle, Mrs. Jacques Heath",FEMALE,38.0,0,0,A/5 21171,7.925,,Q
200,0,3,"Futrelle, Mrs. Jacques Heath",nan,54.0,2,0,A/5 21171,53.1,E46,C
201,0,3,"Moran, Mr. James",FEMALE,35.0,3,1,STON/O2. 3101282,21.075,C85,S
202,1,2,"Nasser, Mrs. Nicholas",Male,35.0,1,1,113803,51.8625,C85,Q
203,0,2,"Moran, Mr. James",female,,3,2,373450,8.05,C123,C
204,0,2,"Nasser, Mrs. Nicholas",Male,14.0,2,2,113803,71.2833,,C
205,1,3,"Heikkinen, Miss. Laina",Male,2.0,2,0,PC 17599,8.4583,E46,C
206,0,2,"Johnson, Mrs. Oscar W",male,22.0,3,2,373450,8.4583,,Q
207,1,2,"Nasser, Mrs. Nicholas",,38.0,2,2,113803,30.0708,C123,S
208,1,1,"Cumings, Mrs. John Bradley",FEMALE,2.0,0,0,STON/O2. 3101282,30.0708,nan,S
209,1,2,"Moran, Mr. James",female,38.0,3,0,PC 17599,8.4583,C85,C
210,0,2,"McCarthy, Mr. Timothy J",FEMALE,54.0,1,2,PC 17599,11.1333,E46,Q
211,0,3,"Johnson, Mrs. Oscar W",nan,54.0,3,1,PC 17599,21.075,nan,C
212,0,3,"Heikkinen, Miss. Laina",FEMALE,2.0,0,2,373450,21.075,C123,nan
213,0,3,"Nasser, Mrs. Nicholas",nan,2.0,0,2,A/5 21171,7.25,,S
214,0,3,"Heikkinen, Miss. Laina",,2.0,0,1,373450,8.05,C85,
215,0,3,"McCarthy, Mr. Timothy J",nan,38.0,0,1,113803,51.8625,E46,C
216,0,3,"Futrelle, Mrs. Jacques Heath",FEMALE,26.0,0,0,A/5 21171,8.4583,nan,nan
217,1,2,"Palsson, Master. Gosta Leonard",FEMALE,2.0,1,0,113803,8.05,nan,S
218,0,3,"McCarthy, Mr. Timothy J",nan,14.0,2,2,A/5 21171,21.075,C85,Q
219,1,3,"Allen, Mr. William Henry",Male,22.0,0,1,373450,7.925,,S
220,0,1,"McCarthy, Mr. Timothy J",,22.0,0,0,PC 17599,8.4583,C123,Q
221,0,2,"Heikkinen, Miss. Laina",male,38.0,3,2,STON/O2. 3101282,8.05,,Q
222,0,2,"Cumings, Mrs. John Bradley",female,2.0,1,1,PC 17599,21.075,,C
223,1,2,"Moran, Mr. James",FEMALE,,1,2,373450,53.1,,C
224,1,3,"Cumings, Mrs. John Bradley",female,35.0,2,0,A/5 21171,21.075,C85,S
225,1,3,"Heikkinen, Miss. Laina",male,26.0,1,0,PC 17599,30.0708,C85,nan
226,1,3,"Moran, Mr. James",female,14.0,3,1,373450,71.2833,C123,S
227,0,1,"Allen, Mr. William Henry",male,,3,2,113803,11.1333,,
228,1,3,"Palsson, Master. Gosta Leonard",nan,54.0,2,1,STON/O2. 3101282,11.1333,C85,Q
229,0,1,"Johnson, Mrs. Oscar W",Male,,3,0,PC 17599,30.0708,C123,Q
230,0,2,"Heikkinen, Miss. Laina",FEMALE,38.0,0,0,A/5 21171,30.0708,C123,C
231,1,3,"Nasser, Mrs. Nicholas",male,26.0,0,2,113803,8.4583,,nan
232,1,1,"Heikkinen, Miss. Laina",female,27.0,3,2,373450,53.1,E46,C
233,1,1,"Heikkinen, Miss. Laina",FEMALE,27.0,2,2,STON/O2. 3101282,53.1,,
234,1,3,"Moran, Mr. James",Male,2.0,1,1,A/5 21171,8.4583,E46,S
235,1,2,"Braund, Mr. Owen Harris",nan,2.0,2,2,373450,8.05,C123,S
236,1,2,"McCarthy, Mr. Timothy J",FEMALE,38.0,1,2,373450,8.4583,C85,nan
237,1,2,"Braund, Mr. Owen Harris",male,2.0,3,0,PC 17599,51.8625,nan,C
238,1,1,"Allen, Mr. William Henry",Male,35.0,3,0,PC 17599,51.8625,C123,C
239,0,1,"Nasser, Mrs. Nicholas",female,26.0,0,2,A/5 21171,11.1333,C85,
240,1,1,"Palsson, Master. Gosta Leonard",Male,38.0,1,2,373450,21.075,C123,S
241,1,1,"Futrelle, Mrs. Jacques Heath",Male,22.0,2,0,PC 17599,8.4583,,C
242,0,2,"Allen, Mr. William Henry",,54.0,3,2,STON/O2. 3101282,8.4583,E46,nan
243,1,3,"Futrelle, Mrs. Jacques Heath",Male,38.0,2,1,STON/O2. 3101282,8.05,C123,S
244,0,1,"Futrelle, Mrs. Jacques Heath",Male,38.0,0,1,373450,7.25,C85,
245,0,1,"Palsson, Master. Gosta Leonard",FEMALE,27.0,1,1,PC 17599,11.1333,,nan
246,1,2,"Cumings, Mrs. John Bradley",female,14.0,1,2,A/5 21171,11.1333,nan,Q
247,0,3,"Braund, Mr. Owen Harris",FEMALE,14.0,3,0,A/5 21171,11.1333,,
248,0,3,"Heikkinen, Miss. Laina",FEMALE,35.0,1,2,A/5 21171,21.075,E46,nan
249,0,2,"Johnson, Mrs. Oscar W",male,22.0,3,2,STON/O2. 3101282,30.0708,,C
250,0,2,"Futrelle, Mrs. Jacques Heath",FEMALE,27.0,0,0,PC 17599,7.925,nan,Q
251,1,3,"Nasser, Mrs. Nicholas",,22.0,1,0,PC 17599,7.25,C85,
252,0,1,"Allen, Mr. William Henry",,35.0,3,0,STON/O2. 3101282,21.075,C123,C
253,1,3,"Cumings, Mrs. John Bradley",male,14.0,2,1,A/5 21171,51.8625,E46,Q
254,0,2,"Futrelle, Mrs. Jacques Heath",nan,38.0,3,2,A/5 21171,8.05,nan,S
255,0,1,"Cumings, Mrs. John Bradley",female,2.0,1,0,373450,30.0708,E46,C
256,0,1,"Cumings, Mrs. John Bradley",female,2.0,0,2,113803,51.8625,,nan
257,0,2,"Futrelle, Mrs. Jacques Heath",FEMALE,,1,1,PC 17599,30.0708,E46,
258,1,2,"Moran, Mr. James",FEMALE,54.0,1,1,PC 17599,53.1,nan,Q
259,1,2,"McCarthy, Mr. Timothy J",nan,35.0,3,0,PC 17599,11.1333,C123,C
260,0,3,"Nasser, Mrs. Nicholas",FEMALE,54.0,2,0,113803,30.0708,C123,S
261,0,3,"Heikkinen, Miss. Laina",female,54.0,1,2,373450,71.2833,E46,
262,1,1,"Heikkinen, Miss. Laina",Male,14.0,2,0,113803,11.1333,C85,
263,0,2,"Nasser, Mrs. Nicholas",,14.0,3,2,A/5 21171,11.1333,E46,C
264,0,1,"Moran, Mr. James",Male,38.0,2,0,A/5 21171,8.05,,S
265,0,1,"Heikkinen, Miss. Laina",Male,27.0,3,2,PC 17599,7.25,C123,Q
266,1,1,"Cumings, Mrs. John Bradley",female,14.0,0,2,STON/O2. 3101282,51.8625,C123,C
267,1,1,"Palsson, Master. Gosta Leonard",Male,2.0,2,2,PC 17599,30.0708,C123,Q
268,1,2,"Allen, Mr. William Henry",nan,54.0,2,2,STON/O2. 3101282,30.0708,C85,
269,0,1,"Braund, Mr. Owen Harris",male,,0,1,113803,53.1,C85,Q
270,0,2,"Heikkinen, Miss. Laina",FEMALE,26.0,2,2,A/5 21171,11.1333,nan,S
271,1,2,"Nasser, Mrs. Nicholas",male,35.0,0,0,STON/O2. 3101282,8.4583,E46,nan
272,1,3,"Palsson, Master. Gosta Leonard",,,1,1,113803,7.925,E46,S
273,1,2,"Futrelle, Mrs. Jacques Heath",FEMALE,2.0,3,1,A/5 21171,8.4583,,Q
274,1,3,"McCarthy, Mr. Timothy J",Male,14.0,0,2,STON/O2. 3101282,30.0708,C123,C
275,0,2,"Nasser, Mrs. Nicholas",,27.0,2,1,PC 17599,8.4583,C85,
276,1,2,"Cumings, Mrs. John Bradley",FEMALE,38.0,0,2,PC 17599,8.05,,nan
277,0,2,"McCarthy, Mr. Timothy J",nan,26.0,2,0,PC 17599,71.2833,,C
278,1,3,"Allen, Mr. William Henry",nan,22.0,1,2,113803,30.0708,C85,C
279,0,3,"Allen, Mr. William Henry",nan,,0,1,PC 17599,30.0708,E46,S
280,1,1,"Moran, Mr. James",nan,27.0,1,0,373450,71.2833,C123,Q
281,1,3,"Johnson, Mrs. Oscar W",Male,22.0,3,2,A/5 21171,51.8625,E46,S
282,1,3,"Moran, Mr. James",male,26.0,2,0,113803,71.2833,,Q
283,1,3,"Palsson, Master. Gosta Leonard",FEMALE,35.0,2,0,PC 17599,8.4583,C123,S
284,0,3,"McCarthy, Mr. Timothy J",Male,35.0,1,1,A/5 21171,8.05,nan,C
285,1,1,"Johnson, Mrs. Oscar W",nan,54.0,3,0,STON/O2. 3101282,53.1,,
286,0,3,"Futrelle, Mrs. Jacques Heath",male,26.0,0,1,PC 17599,51.8625,E46,Q
287,0,2,"Cumings, Mrs. John Bradley",,26.0,0,0,A/5 21171,21.075,E46,nan
288,0,2,"McCarthy, Mr. Timothy J",,22.0,2,2,373450,53.1,E46,nan
289,0,3,"Moran, Mr. James",,27.0,1,0,STON/O2. 3101282,7.25,C85,C
290,1,3,"Braund, Mr. Owen Harris",nan,22.0,1,2,373450,7.25,,S
291,0,2,"Johnson, Mrs. Oscar W",,38.0,0,2,A/5 21171,7.25,C123,S
292,0,2,"Johnson, Mrs. Oscar W",female,35.0,3,0,373450,7.25,E46,C
293,0,1,"Cumings, Mrs. John Bradley",FEMALE,35.0,3,2,A/5 21171,8.05,E46,nan
294,1,2,"Heikkinen, Miss. Laina",FEMALE,54.0,0,0,A/5 21171,53.1,C85,nan
295,1,2,"Allen, Mr. William Henry",nan,38.0,0,0,373450,11.1333,C123,S
296,1,3,"Allen, Mr. William Henry",female,35.0,1,2,A/5 21171,7.925,,Q
297,1,2,"Braund, Mr. Owen Harris",Male,22.0,3,2,PC 17599,51.8625,nan,
298,0,1,"Palsson, Master. Gosta Leonard",Male,38.0,0,1,A/5 21171,21.075,C85,Q
299,0,2,"Palsson, Master. Gosta Leonard",,22.0,0,2,113803,8.4583,,nan
300,1,3,"Futrelle, Mrs. Jacques Heath",male,35.0,2,1,A/5 21171,30.0708,nan,Q
301,0,3,"McCarthy, Mr. Timothy J",Male,35.0,0,2,113803,7.25,E46,
302,0,2,"Nasser, Mrs. Nicholas",male,27.0,0,0,A/5 21171,21.075,E46,Q
303,0,3,"Heikkinen, Miss. Laina",FEMALE,,3,2,A/5 21171,30.0708,C123,Q
304,1,1,"Moran, Mr. James",male,,1,0,373450,7.925,nan,Q
305,1,1,"Nasser, Mrs. Nicholas",FEMALE,54.0,3,0,PC 17599,21.075,E46,Q
306,0,2,"Nasser, Mrs. Nicholas",female,22.0,1,0,PC 17599,53.1,E46,C
307,1,2,"Johnson, Mrs. Oscar W",female,22.0,2,1,STON/O2. 3101282,21.075,C123,nan
308,1,2,"Braund, Mr. Owen Harris",nan,2.0,0,2,373450,7.25,,
309,1,3,"Allen, Mr. William Henry",nan,38.0,2,0,373450,7.925,E46,nan
310,1,1,"Futrelle, Mrs. Jacques Heath",,14.0,1,0,PC 17599,8.4583,C85,C
311,1,1,"Palsson, Master. Gosta Leonard",Male,,3,1,373450,11.1333,C85,C
312,0,3,"Braund, Mr. Owen Harris",,35.0,3,2,PC 17599,71.2833,,C
313,1,1,"Johnson, Mrs. Oscar W",FEMALE,54.0,2,2,373450,7.25,nan,C
314,0,2,"Moran, Mr. James",,14.0,1,1,A/5 21171,30.0708,C123,Q
315,0,2,"Futrelle, Mrs. Jacques Heath",male,26.0,2,1,PC 17599,7.925,C85,nan
316,1,2,"Johnson, Mrs. Oscar W",FEMALE,54.0,2,2,PC 17599,53.1,C85,S
317,0,1,"Allen, Mr. William Henry",nan,26.0,0,1,113803,8.05,,
318,0,2,"Allen, Mr. William Henry",female,26.0,2,2,373450,7.925,nan,C
319,0,3,"Allen, Mr. William Henry",nan,26.0,0,2,373450,30.0708,nan,nan
320,1,3,"Braund, Mr. Owen Harris",Male,27.0,0,0,PC 17599,71.2833,,C
321,1,1,"Braund, Mr. Owen Harris",FEMALE,27.0,3,0,A/5 21171,71.2833,C85,C
322,0,3,"Palsson, Master. Gosta Leonard",FEMALE,27.0,0,2,A/5 21171,51.8625,C123,C
323,1,3,"Palsson, Master. Gosta Leonard",male,14.0,0,2,A/5 21171,11.1333,C85,C
324,1,1,"Moran, Mr. James",Male,54.0,3,2,373450,30.0708,nan,C
325,1,2,"Futrelle, Mrs. Jacques Heath",female,54.0,2,2,113803,71.2833,C85,
326,1,2,"Cumings, Mrs. John Bradley",FEMALE,35.0,1,2,PC 17599,51.8625,C123,nan
327,0,2,"Cumings, Mrs. John Bradley",FEMALE,27.0,1,2,STON/O2. 3101282,51.8625,E46,C
328,0,1,"Johnson, Mrs. Oscar W",male,35.0,1,1,113803,51.8625,C85,C
329,1,3,"Allen, Mr. William Henry",,38.0,2,2,STON/O2. 3101282,7.925,,C
330,1,2,"Futrelle, Mrs. Jacques Heath",female,35.0,0,1,113803,51.8625,E46,C
331,0,2,"Nasser, Mrs. Nicholas",nan,14.0,1,1,A/5 21171,7.25,,Q
332,0,1,"Braund, Mr. Owen Harris",Male,,2,2,373450,30.0708,,Q
333,1,2,"McCarthy, Mr. Timothy J",FEMALE,26.0,0,2,STON/O2. 3101282,7.25,,S
334,0,1,"Heikkinen, Miss. Laina",FEMALE,27.0,3,1,113803,8.05,C85,C
335,1,3,"Moran, Mr. James",nan,,1,1,373450,71.2833,nan,S
336,1,1,"Allen, Mr. William Henry",female,35.0,0,2,STON/O2. 3101282,11.1333,E46,
337,0,1,"Allen, Mr. William Henry",,26.0,1,2,PC 17599,51.8625,C123,S
338,0,1,"Allen, Mr. William Henry",FEMALE,54.0,1,1,113803,53.1,nan,nan
339,1,1,"Braund, Mr. Owen Harris",female,22.0,1,1,PC 17599,53.1,C85,Q
340,1,3,"Braund, Mr. Owen Harris",nan,26.0,0,1,A/5 21171,71.2833,,Q
341,0,3,"Heikkinen, Miss. Laina",male,14.0,2,0,PC 17599,8.05,C123,C
342,1,2,"Nasser, Mrs. Nicholas",,14.0,0,1,PC 17599,53.1,E46,C
343,0,3,"Futrelle, Mrs. Jacques Heath",Male,35.0,1,0,113803,7.25,nan,
344,1,3,"Allen, Mr. William Henry",FEMALE,38.0,0,2,A/5 21171,21.075,nan,
345,0,2,"Cumings, Mrs. John Bradley",female,14.0,3,2,PC 17599,7.925,C123,nan
346,0,3,"Palsson, Master. Gosta Leonard",male,14.0,2,1,373450,8.4583,C85,C
347,0,1,"Cumings, Mrs. John Bradley",Male,35.0,0,2,STON/O2. 3101282,53.1,E46,C
348,1,1,"Johnson, Mrs. Oscar W",female,26.0,3,2,PC 17599,11.1333,C123,
349,1,2,"Cumings, Mrs. John Bradley",female,38.0,2,2,A/5 21171,51.8625,,
350,0,2,"Johnson, Mrs. Oscar W",Male,,3,2,PC 17599,11.1333,E46,
351,1,2,"McCarthy, Mr. Timothy J",male,22.0,2,0,STON/O2. 3101282,30.0708,nan,Q
352,0,1,"Palsson, Master. Gosta Leonard",nan,27.0,0,0,A/5 21171,7.925,C123,S
353,0,3,"Cumings, Mrs. John Bradley",male,54.0,3,1,113803,7.25,nan,S
354,1,1,"McCarthy, Mr. Timothy J",,14.0,1,1,A/5 21171,8.05,nan,C
355,1,2,"Moran, Mr. James",FEMALE,35.0,3,1,113803,7.925,nan,Q
356,0,3,"Futrelle, Mrs. Jacques Heath",Male,27.0,2,2,A/5 21171,8.4583,C85,
357,1,3,"McCarthy, Mr. Timothy J",nan,54.0,0,2,STON/O2. 3101282,21.075,nan,C
358,1,1,"Futrelle, Mrs. Jacques Heath",Male,54.0,2,0,STON/O2. 3101282,53.1,,Q
359,0,2,"Cumings, Mrs. John Bradley",Male,,3,0,A/5 21171,8.05,,nan
360,0,1,"Nasser, Mrs. Nicholas",male,,3,1,PC 17599,8.05,E46,Q
361,1,3,"McCarthy, Mr. Timothy J",FEMALE,,1,0,STON/O2. 3101282,53.1,nan,C
362,0,1,"Palsson, Master. Gosta Leonard",,2.0,0,0,113803,53.1,nan,S
363,0,1,"Cumings, Mrs. John Bradley",female,2.0,0,0,113803,53.1,C123,
364,1,2,"Allen, Mr. William Henry",female,54.0,3,0,373450,53.1,C85,nan
365,0,2,"Braund, Mr. Owen Harris",Male,,0,0,113803,53.1,E46,Q
366,0,3,"McCarthy, Mr. Timothy J",FEMALE,14.0,1,1,373450,8.05,nan,C
367,1,1,"Palsson, Master. Gosta Leonard",nan,27.0,2,1,A/5 21171,71.2833,C123,C
368,1,1,"Moran, Mr. James",male,27.0,0,0,A/5 21171,71.2833,C85,
369,0,1,"Allen, Mr. William Henry",FEMALE,2.0,3,1,A/5 21171,11.1333,E46,C
370,0,3,"Moran, Mr. James",FEMALE,54.0,2,2,PC 17599,71.2833,E46,C
371,1,3,"Cumings, Mrs. John Bradley",male,35.0,2,0,PC 17599,8.4583,nan,
372,1,2,"Braund, Mr. Owen Harris",Male,26.0,1,2,373450,71.2833,E46,nan
373,1,2,"McCarthy, Mr. Timothy J",FEMALE,26.0,3,1,113803,8.05,C123,S
374,1,2,"McCarthy, Mr. Timothy J",female,2.0,0,1,113803,53.1,E46,S
375,0,1,"Nasser, Mrs. Nicholas",male,35.0,3,2,A/5 21171,51.8625,,Q
376,1,1,"Nasser, Mrs. Nicholas",nan,2.0,2,1,STON/O2. 3101282,51.8625,C123,nan
377,1,2,"Cumings, Mrs. John Bradley",,26.0,3,0,PC 17599,8.4583,C85,Q
378,0,1,"Cumings, Mrs. John Bradley",Male,35.0,0,2,PC 17599,30.0708,C85,S
379,1,2,"Braund, Mr. Owen Harris",male,,0,0,A/5 21171,8.05,nan,
380,0,3,"Nasser, Mrs. Nicholas",,54.0,1,2,PC 17599,7.25,nan,C
381,1,2,"Palsson, Master. Gosta Leonard",,27.0,0,1,A/5 21171,7.925,,S
382,1,3,"Palsson, Master. Gosta Leonard",nan,38.0,0,2,373450,11.1333,C85,nan
383,1,1,"Braund, Mr. Owen Harris",FEMALE,54.0,3,2,113803,7.25,C85,S
384,0,2,"Palsson, Master. Gosta Leonard",nan,,3,0,STON/O2. 3101282,8.05,C85,nan
385,0,1,"Johnson, Mrs. Oscar W",FEMALE,26.0,2,1,113803,71.2833,C85,nan
386,1,3,"Futrelle, Mrs. Jacques Heath",FEMALE,,1,0,113803,53.1,E46,nan
387,0,3,"Braund, Mr. Owen Harris",male,2.0,3,1,373450,7.25,C123,Q
388,0,3,"Braund, Mr. Owen Harris",male,35.0,0,0,PC 17599,7.925,C123,
389,0,1,"Heikkinen, Miss. Laina",Male,27.0,2,2,STON/O2. 3101282,30.0708,,S
390,0,1,"Allen, Mr. William Henry",FEMALE,14.0,3,0,PC 17599,51.8625,E46,
391,0,1,"Allen, Mr. William Henry",,2.0,1,1,113803,30.0708,C85,C
392,0,1,"Johnson, Mrs. Oscar W",female,54.0,1,1,A/5 21171,7.925,C85,S
393,1,3,"Nasser, Mrs. Nicholas",Male,2.0,2,2,113803,53.1,nan,
394,1,3,"Cumings, Mrs. John Bradley",male,54.0,2,1,PC 17599,71.2833,nan,
395,0,2,"Cumings, Mrs. John Bradley",nan,14.0,2,0,113803,7.925,,C
396,1,2,"Moran, Mr. James",Male,22.0,2,2,A/5 21171,11.1333,C85,nan
397,1,1,"Johnson, Mrs. Oscar W",Male,27.0,2,1,373450,7.925,,S
398,1,3,"Braund, Mr. Owen Harris",Male,38.0,0,1,PC 17599,8.05,E46,S
399,1,3,"Johnson, Mrs. Oscar W",Male,,0,0,113803,71.2833,C123,C
400,0,3,"Johnson, Mrs. Oscar W",female,22.0,3,0,PC 17599,53.1,C85,nan
401,1,2,"Johnson, Mrs. Oscar W",nan,2.0,1,2,373450,51.8625,E46,S
402,1,2,"Allen, Mr. William Henry",nan,,0,1,113803,51.8625,C85,S
403,0,3,"Johnson, Mrs. Oscar W",nan,22.0,0,0,113803,7.925,nan,S
404,0,3,"Futrelle, Mrs. Jacques Heath",FEMALE,35.0,0,2,PC 17599,8.05,,nan
405,1,3,"Cumings, Mrs. John Bradley",,35.0,3,1,PC 17599,7.25,nan,C
406,1,2,"Moran, Mr. James",nan,,2,1,A/5 21171,30.0708,C123,S
407,1,3,"Futrelle, Mrs. Jacques Heath",Male,54.0,3,2,373450,30.0708,nan,
408,1,3,"Moran, Mr. James",Male,54.0,1,2,A/5 21171,30.0708,C85,nan
409,1,1,"Heikkinen, Miss. Laina",nan,2.0,1,0,113803,7.25,nan,Q
410,1,1,"Moran, Mr. James",nan,22.0,1,1,PC 17599,8.05,C85,C
411,0,2,"Cumings, Mrs. John Bradley",Male,22.0,1,1,113803,30.0708,C123,
412,1,3,"Cumings, Mrs. John Bradley",FEMALE,,0,1,113803,11.1333,nan,S
413,1,3,"Johnson, Mrs. Oscar W",male,26.0,0,2,STON/O2. 3101282,7.25,,Q
414,0,1,"McCarthy, Mr. Timothy J",male,35.0,3,0,STON/O2. 3101282,7.25,,C
415,0,2,"Heikkinen, Miss. Laina",nan,22.0,2,1,113803,53.1,,nan
416,0,1,"Braund, Mr. Owen Harris",female,,1,2,PC 17599,53.1,nan,Q
417,0,1,"Palsson, Master. Gosta Leonard",nan,14.0,3,1,113803,71.2833,nan,Q
418,1,1,"Moran, Mr. James",nan,38.0,0,0,STON/O2. 3101282,11.1333,nan,
419,1,1,"McCarthy, Mr. Timothy J",male,14.0,0,1,PC 17599,11.1333,C85,C
420,1,3,"Johnson, Mrs. Oscar W",Male,27.0,2,0,113803,71.2833,C123,
421,1,3,"Allen, Mr. William Henry",nan,2.0,2,0,373450,11.1333,,
422,1,1,"Braund, Mr. Owen Harris",Male,22.0,2,1,373450,8.4583,C85,S
423,1,2,"Nasser, Mrs. Nicholas",Male,27.0,3,1,113803,21.075,,nan
424,0,2,"McCarthy, Mr. Timothy J",female,27.0,0,0,PC 17599,30.0708,C85,Q
425,1,2,"Allen, Mr. William Henry",Male,,0,2,113803,53.1,nan,C
426,0,2,"Heikkinen, Miss. Laina",male,22.0,2,0,113803,71.2833,,nan
427,0,1,"Johnson, Mrs. Oscar W",FEMALE,38.0,1,1,STON/O2. 3101282,71.2833,nan,nan
428,1,3,"Braund, Mr. Owen Harris",FEMALE,,2,1,373450,11.1333,,C
429,0,2,"Braund, Mr. Owen Harris",,,3,2,STON/O2. 3101282,7.25,E46,nan
430,1,1,"Braund, Mr. Owen Harris",nan,2.0,2,0,STON/O2. 3101282,51.8625,C85,S
431,0,2,"Heikkinen, Miss. Laina",male,2.0,2,0,113803,7.925,E46,nan
432,1,2,"Moran, Mr. James",Male,35.0,3,0,STON/O2. 3101282,7.925,C85,S
433,0,1,"Nasser, Mrs. Nicholas",FEMALE,35.0,2,1,373450,71.2833,C123,Q
434,1,3,"Heikkinen, Miss. Laina",male,54.0,0,0,STON/O2. 3101282,30.0708,,Q
435,1,3,"Palsson, Master. Gosta Leonard",FEMALE,26.0,1,2,373450,8.4583,C123,
436,1,1,"Nasser, Mrs. Nicholas",Male,22.0,2,1,STON/O2. 3101282,30.0708,C123,S
437,1,3,"Cumings, Mrs. John Bradley",FEMALE,22.0,3,1,373450,71.2833,C85,Q
438,1,1,"Johnson, Mrs. Oscar W",nan,27.0,1,0,STON/O2. 3101282,30.0708,E46,nan
439,0,1,"Heikkinen, Miss. Laina",nan,22.0,3,2,STON/O2. 3101282,53.1,nan,C
440,0,1,"Allen, Mr. William Henry",,22.0,1,1,PC 17599,30.0708,C85,C
441,0,3,"Nasser, Mrs. Nicholas",,26.0,1,1,373450,11.1333,nan,S
442,1,1,"Palsson, Master. Gosta Leonard",FEMALE,35.0,2,0,373450,11.1333,C123,
443,0,2,"Cumings, Mrs. John Bradley",male,35.0,0,0,373450,8.4583,nan,nan
444,1,3,"Moran, Mr. James",nan,38.0,2,2,A/5 21171,53.1,E46,S
445,1,3,"Allen, Mr. William Henry",male,22.0,3,0,STON/O2. 3101282,51.8625,C85,C
446,0,3,"Nasser, Mrs. Nicholas",male,26.0,3,2,373450,7.25,E46,S
447,0,3,"Johnson, Mrs. Oscar W",FEMALE,35.0,1,1,A/5 21171,53.1,E46,nan
448,1,2,"Allen, Mr. William Henry",male,26.0,1,2,PC 17599,8.05,C85,Q
449,0,3,"Cumings, Mrs. John Bradley",nan,14.0,0,2,373450,21.075,E46,nan
450,1,3,"Allen, Mr. William Henry",Male,22.0,2,2,373450,71.2833,,Q
451,1,1,"Futrelle, Mrs. Jacques Heath",,38.0,3,1,A/5 21171,8.05,,Q
452,1,3,"McCarthy, Mr. Timothy J",Male,27.0,1,0,STON/O2. 3101282,8.4583,,Q
453,1,2,"Moran, Mr. James",male,35.0,0,1,PC 17599,8.05,nan,S
454,1,2,"Cumings, Mrs. John Bradley",Male,14.0,3,0,373450,11.1333,E46,C
455,0,2,"Allen, Mr. William Henry",nan,26.0,1,2,STON/O2. 3101282,30.0708,C85,S
456,0,2,"McCarthy, Mr. Timothy J",nan,2.0,3,2,PC 17599,7.25,C85,C
457,1,3,"McCarthy, Mr. Timothy J",male,,0,2,113803,7.925,nan,nan
458,1,3,"Allen, Mr. William Henry",FEMALE,22.0,0,2,113803,71.2833,C85,
459,0,2,"Johnson, Mrs. Oscar W",Male,22.0,3,2,PC 17599,7.925,,nan
460,0,2,"Futrelle, Mrs. Jacques Heath",FEMALE,14.0,2,0,A/5 21171,30.0708,E46,S
461,1,3,"Heikkinen, Miss. Laina",FEMALE,26.0,3,0,PC 17599,11.1333,C85,S
462,0,2,"Futrelle, Mrs. Jacques Heath",female,54.0,1,2,PC 17599,11.1333,C85,C
463,1,1,"Allen, Mr. William Henry",male,22.0,2,1,A/5 21171,30.0708,C123,S
464,0,2,"Moran, Mr. James",,54.0,1,1,A/5 21171,71.2833,C123,Q
465,1,2,"Heikkinen, Miss. Laina",nan,2.0,3,2,STON/O2. 3101282,7.925,C123,S
466,0,1,"Cumings, Mrs. John Bradley",nan,14.0,2,0,STON/O2. 3101282,53.1,E46,C
467,1,1,"Futrelle, Mrs. Jacques Heath",male,26.0,1,1,A/5 21171,11.1333,,C
468,0,3,"Allen, Mr. William Henry",,26.0,3,1,113803,7.925,,Q
469,0,3,"Futrelle, Mrs. Jacques Heath",nan,,3,1,113803,51.8625,,C
470,1,1,"Heikkinen, Miss. Laina",male,35.0,2,2,PC 17599,7.925,E46,
471,0,1,"Palsson, Master. Gosta Leonard",nan,35.0,3,1,373450,51.8625,E46,nan
472,1,3,"Nasser, Mrs. Nicholas",FEMALE,27.0,0,1,PC 17599,51.8625,C123,S
473,0,2,"Futrelle, Mrs. Jacques Heath",Male,38.0,1,1,PC 17599,11.1333,C85,
474,1,1,"Cumings, Mrs. John Bradley",Male,14.0,1,1,373450,71.2833,nan,S
475,0,3,"Cumings, Mrs. John Bradley",nan,2.0,3,0,A/5 21171,8.4583,nan,
476,1,2,"Braund, Mr. Owen Harris",female,26.0,3,2,113803,11.1333,C85,S
477,0,1,"Futrelle, Mrs. Jacques Heath",,,0,2,PC 17599,71.2833,C123,Q
478,1,2,"Nasser, Mrs. Nicholas",,54.0,2,0,373450,71.2833,C85,C
479,0,3,"Johnson, Mrs. Oscar W",,14.0,3,0,STON/O2. 3101282,8.05,C85,C
480,1,1,"McCarthy, Mr. Timothy J",FEMALE,27.0,3,2,PC 17599,30.0708,nan,Q
481,1,2,"Nasser, Mrs. Nicholas",,14.0,3,1,113803,30.0708,C123,
482,1,1,"McCarthy, Mr. Timothy J",Male,27.0,3,1,A/5 21171,30.0708,E46,nan
483,0,2,"McCarthy, Mr. Timothy J",FEMALE,26.0,1,2,PC 17599,21.075,nan,
484,1,3,"Palsson, Master. Gosta Leonard",male,38.0,3,1,PC 17599,11.1333,E46,C
485,0,3,"Braund, Mr. Owen Harris",,27.0,1,0,373450,71.2833,C123,nan
486,1,1,"Nasser, Mrs. Nicholas",,26.0,3,1,STON/O2. 3101282,8.05,C85,S
487,0,2,"Nasser, Mrs. Nicholas",male,26.0,2,1,STON/O2. 3101282,51.8625,,nan
488,1,1,"Palsson, Master. Gosta Leonard",,38.0,0,1,A/5 21171,8.4583,,
489,0,1,"Futrelle, Mrs. Jacques Heath",male,35.0,2,2,113803,8.4583,C123,Q
490,0,2,"Futrelle, Mrs. Jacques Heath",FEMALE,14.0,3,0,A/5 21171,51.8625,,S
491,1,2,"Futrelle, Mrs. Jacques Heath",Male,22.0,3,1,PC 17599,7.925,E46,
492,0,2,"Moran, Mr. James",male,22.0,3,2,PC 17599,7.925,,S
493,0,3,"McCarthy, Mr. Timothy J",female,54.0,2,1,STON/O2. 3101282,30.0708,C123,nan
494,1,1,"Moran, Mr. James",male,54.0,3,0,113803,11.1333,C123,C
495,0,1,"Braund, Mr. Owen Harris",,22.0,2,1,373450,21.075,E46,
496,0,3,"Palsson, Master. Gosta Leonard",FEMALE,2.0,1,0,113803,8.05,,Q
497,0,2,"Nasser, Mrs. Nicholas",nan,22.0,0,1,PC 17599,8.4583,,nan
498,1,3,"McCarthy, Mr. Timothy J",FEMALE,54.0,0,0,373450,30.0708,C85,
499,0,3,"Moran, Mr. James",nan,,2,1,113803,7.25,nan,Q
500,1,3,"Moran, Mr. James",male,54.0,1,0,113803,30.0708,C123,
501,0,1,"Allen, Mr. William Henry",Male,2.0,2,1,373450,7.25,C85,nan
502,0,3,"Moran, Mr. James",female,14.0,1,1,PC 17599,53.1,C123,
503,0,1,"Johnson, Mrs. Oscar W",FEMALE,22.0,3,2,113803,71.2833,C85,S
504,1,1,"Nasser, Mrs. Nicholas",,38.0,1,2,373450,51.8625,nan,nan
505,0,1,"Johnson, Mrs. Oscar W",nan,,1,0,PC 17599,71.2833,C85,
506,0,2,"Nasser, Mrs. Nicholas",,26.0,1,1,373450,30.0708,C123,C
507,1,1,"Palsson, Master. Gosta Leonard",Male,2.0,0,0,373450,71.2833,,
508,0,1,"Nasser, Mrs. Nicholas",nan,54.0,1,2,113803,8.05,C123,S
509,1,2,"Johnson, Mrs. Oscar W",FEMALE,38.0,3,0,PC 17599,53.1,E46,Q
510,1,1,"Nasser, Mrs. Nicholas",male,27.0,3,0,113803,21.075,E46,Q
511,0,3,"Palsson, Master. Gosta Leonard",,35.0,3,2,A/5 21171,53.1,E46,Q
512,1,3,"Palsson, Master. Gosta Leonard",Male,22.0,1,1,A/5 21171,8.4583,E46,C
513,0,1,"Braund, Mr. Owen Harris",FEMALE,35.0,2,0,PC 17599,8.05,nan,S
514,1,2,"Nasser, Mrs. Nicholas",FEMALE,2.0,2,2,373450,71.2833,,nan
515,1,3,"Allen, Mr. William Henry",FEMALE,27.0,3,1,113803,21.075,,Q
516,0,2,"Futrelle, Mrs. Jacques Heath",FEMALE,27.0,0,2,113803,71.2833,C123,S
517,1,2,"Cumings, Mrs. John Bradley",nan,27.0,2,0,PC 17599,11.1333,C85,
518,1,3,"Palsson, Master. Gosta Leonard",FEMALE,26.0,1,1,PC 17599,11.1333,C123,C
519,1,2,"Heikkinen, Miss. Laina",,2.0,2,1,A/5 21171,7.925,C123,S
520,1,3,"Futrelle, Mrs. Jacques Heath",Male,14.0,3,2,STON/O2. 3101282,53.1,C123,S
521,1,2,"McCarthy, Mr. Timothy J",nan,35.0,0,2,PC 17599,21.075,C123,nan
522,0,3,"Nasser, Mrs. Nicholas",FEMALE,14.0,2,2,STON/O2. 3101282,11.1333,,S
523,1,1,"Johnson, Mrs. Oscar W",female,38.0,2,1,PC 17599,7.925,C85,nan
524,0,3,"Cumings, Mrs. John Bradley",female,,3,1,373450,8.05,C123,C
525,1,3,"Heikkinen, Miss. Laina",Male,,0,0,373450,21.075,,C
526,0,3,"Futrelle, Mrs. Jacques Heath",male,14.0,0,1,A/5 21171,7.925,C123,
527,0,3,"Nasser, Mrs. Nicholas",male,22.0,3,0,A/5 21171,51.8625,E46,nan
528,1,2,"Braund, Mr. Owen Harris",nan,38.0,1,2,STON/O2. 3101282,21.075,C123,nan
529,1,1,"McCarthy, Mr. Timothy J",nan,2.0,2,2,PC 17599,30.0708,C123,Q
530,1,3,"Cumings, Mrs. John Bradley",nan,54.0,1,1,113803,7.925,nan,Q
531,0,2,"Allen, Mr. William Henry",male,,2,2,A/5 21171,71.2833,E46,
532,1,1,"Braund, Mr. Owen Harris",female,54.0,2,2,113803,30.0708,C85,C
533,0,1,"Heikkinen, Miss. Laina",male,38.0,1,1,113803,51.8625,C123,Q
534,0,1,"Cumings, Mrs. John Bradley",,35.0,3,0,PC 17599,11.1333,C85,S
535,0,1,"Braund, Mr. Owen Harris",FEMALE,,3,1,STON/O2. 3101282,7.25,E46,C
536,1,3,"McCarthy, Mr. Timothy J",nan,22.0,2,0,PC 17599,7.925,C123,S
537,1,3,"Allen, Mr. William Henry",female,22.0,3,1,A/5 21171,8.05,nan,nan
538,0,2,"Braund, Mr. Owen Harris",Male,27.0,2,1,113803,7.925,,C
539,0,2,"Moran, Mr. James",Male,26.0,3,2,PC 17599,7.25,nan,
540,1,2,"Allen, Mr. William Henry",FEMALE,38.0,2,1,PC 17599,51.8625,nan,nan
541,0,1,"Heikkinen, Miss. Laina",female,,3,1,PC 17599,51.8625,,nan
542,1,1,"McCarthy, Mr. Timothy J",male,26.0,0,0,A/5 21171,30.0708,,S
543,0,3,"Nasser, Mrs. Nicholas",male,38.0,1,2,STON/O2. 3101282,21.075,,nan
544,1,1,"Johnson, Mrs. Oscar W",,14.0,0,0,PC 17599,8.05,C123,Q
545,0,1,"Johnson, Mrs. Oscar W",,2.0,1,0,A/5 21171,30.0708,C85,C
546,1,1,"Johnson, Mrs. Oscar W",male,2.0,1,2,113803,8.05,C85,Q
547,0,2,"Cumings, Mrs. John Bradley",Male,27.0,2,2,373450,8.05,,S
548,1,2,"Heikkinen, Miss. Laina",nan,27.0,1,2,A/5 21171,7.25,nan,S
549,1,3,"McCarthy, Mr. Timothy J",Male,2.0,0,1,373450,30.0708,E46,C
550,0,1,"Allen, Mr. William Henry",,35.0,0,2,PC 17599,8.05,,nan
551,0,1,"Cumings, Mrs. John Bradley",FEMALE,,3,2,PC 17599,8.4583,nan,
552,1,3,"Heikkinen, Miss. Laina",male,2.0,0,2,A/5 21171,7.25,nan,S
553,0,1,"Nasser, Mrs. Nicholas",,35.0,3,0,373450,51.8625,C123,C
554,1,1,"Moran, Mr. James",,26.0,1,0,PC 17599,7.25,C123,
555,0,2,"McCarthy, Mr. Timothy J",nan,35.0,0,1,113803,71.2833,C85,nan
556,1,3,"Johnson, Mrs. Oscar W",male,26.0,1,0,STON/O2. 3101282,71.2833,C85,S
557,1,3,"Braund, Mr. Owen Harris",nan,38.0,0,1,STON/O2. 3101282,8.05,E46,C
558,1,3,"McCarthy, Mr. Timothy J",male,54.0,0,0,PC 17599,30.0708,E46,C
559,1,3,"Palsson, Master. Gosta Leonard",nan,38.0,3,2,373450,51.8625,E46,C
560,1,2,"Heikkinen, Miss. Laina",Male,2.0,1,0,PC 17599,7.25,E46,S
561,1,2,"Futrelle, Mrs. Jacques Heath",FEMALE,26.0,0,1,373450,30.0708,nan,
562,0,1,"Nasser, Mrs. Nicholas",FEMALE,2.0,2,0,113803,7.25,nan,C
563,0,1,"Moran, Mr. James",male,,1,2,373450,7.25,C85,nan
564,0,1,"Nasser, Mrs. Nicholas",female,22.0,1,1,PC 17599,8.4583,C123,C
565,1,1,"McCarthy, Mr. Timothy J",,2.0,1,2,113803,71.2833,C123,
566,1,2,"Futrelle, Mrs. Jacques Heath",,,3,2,A/5 21171,7.25,,S
567,1,3,"Palsson, Master. Gosta Leonard",male,35.0,2,1,STON/O2. 3101282,8.4583,nan,C
568,1,2,"Allen, Mr. William Henry",nan,38.0,1,2,PC 17599,71.2833,E46,C
569,0,1,"Braund, Mr. Owen Harris",female,35.0,0,2,PC 17599,8.4583,E46,nan
570,0,2,"Futrelle, Mrs. Jacques Heath",Male,22.0,0,0,PC 17599,30.0708,,nan
571,1,3,"Heikkinen, Miss. Laina",nan,26.0,3,2,113803,21.075,C123,C
572,0,3,"Johnson, Mrs. Oscar W",nan,,0,2,A/5 21171,71.2833,E46,C
573,0,2,"Palsson, Master. Gosta Leonard",male,54.0,1,2,373450,11.1333,C123,nan
574,1,2,"Braund, Mr. Owen Harris",male,2.0,0,2,A/5 21171,21.075,,
575,0,2,"Moran, Mr. James",,26.0,1,1,113803,30.0708,C123,Q
576,1,1,"Johnson, Mrs. Oscar W",male,54.0,0,0,PC 17599,7.25,C123,Q
577,0,2,"McCarthy, Mr. Timothy J",male,14.0,2,2,STON/O2. 3101282,51.8625,C123,C
578,1,2,"Futrelle, Mrs. Jacques Heath",male,2.0,3,2,PC 17599,30.0708,E46,nan
579,1,2,"Braund, Mr. Owen Harris",,35.0,3,1,373450,8.4583,C85,S
580,1,3,"Cumings, Mrs. John Bradley",Male,38.0,2,2,STON/O2. 3101282,8.4583,nan,S
581,1,3,"Allen, Mr. William Henry",Male,,2,1,PC 17599,8.4583,C123,Q
582,0,1,"Allen, Mr. William Henry",male,22.0,3,0,STON/O2. 3101282,8.4583,C123,
583,1,1,"Palsson, Master. Gosta Leonard",,22.0,2,0,A/5 21171,30.0708,C123,Q
584,1,3,"Moran, Mr. James",Male,35.0,1,2,113803,51.8625,C85,C
585,1,3,"Palsson, Master. Gosta Leonard",nan,27.0,0,2,PC 17599,7.925,,
586,0,3,"Cumings, Mrs. John Bradley",Male,22.0,3,2,373450,8.4583,E46,S
587,1,2,"Heikkinen, Miss. Laina",Male,,2,1,A/5 21171,7.925,C85,nan
588,0,2,"Moran, Mr. James",,35.0,1,2,PC 17599,51.8625,C123,nan
589,1,3,"Nasser, Mrs. Nicholas",nan,26.0,3,2,A/5 21171,51.8625,C85,C
590,0,2,"Heikkinen, Miss. Laina",,22.0,2,0,373450,21.075,C85,Q
591,0,2,"Moran, Mr. James",male,35.0,3,2,PC 17599,71.2833,C85,C
592,1,1,"Moran, Mr. James",FEMALE,,2,0,373450,11.1333,,nan
593,0,3,"Cumings, Mrs. John Bradley",Male,2.0,3,2,STON/O2. 3101282,8.05,nan,S
594,1,3,"McCarthy, Mr. Timothy J",FEMALE,2.0,1,0,373450,11.1333,E46,nan
595,1,2,"Cumings, Mrs. John Bradley",,22.0,1,2,STON/O2. 3101282,30.0708,,
596,1,3,"Moran, Mr. James",,38.0,0,0,PC 17599,8.05,,nan
597,0,1,"Braund, Mr. Owen Harris",,2.0,3,1,STON/O2. 3101282,51.8625,nan,nan
598,0,1,"Heikkinen, Miss. Laina",FEMALE,38.0,0,0,PC 17599,11.1333,,
599,1,1,"Cumings, Mrs. John Bradley",,26.0,3,0,PC 17599,53.1,C85,Q
600,1,3,"McCarthy, Mr. Timothy J",male,35.0,2,0,113803,71.2833,C85,nan
601,0,3,"Futrelle, Mrs. Jacques Heath",,54.0,2,2,PC 17599,11.1333,C123,C
602,1,3,"Palsson, Master. Gosta Leonard",female,,0,2,STON/O2. 3101282,71.2833,,nan
603,1,3,"Moran, Mr. James",FEMALE,35.0,3,2,113803,7.925,C123,C
604,1,3,"Nasser, Mrs. Nicholas",female,,0,1,113803,30.0708,E46,
605,0,1,"Futrelle, Mrs. Jacques Heath",,26.0,1,1,PC 17599,71.2833,C85,nan
606,0,2,"Allen, Mr. William Henry",male,14.0,0,0,373450,7.925,E46,
607,0,1,"Johnson, Mrs. Oscar W",Male,22.0,0,1,373450,8.4583,nan,
608,1,3,"McCarthy, Mr. Timothy J",nan,,2,0,113803,7.925,C85,Q
609,1,1,"Nasser, Mrs. Nicholas",nan,,0,0,PC 17599,30.0708,E46,nan
610,1,3,"Johnson, Mrs. Oscar W",,38.0,3,0,373450,21.075,nan,C
611,0,3,"McCarthy, Mr. Timothy J",male,35.0,2,1,PC 17599,8.4583,E46,C
612,1,1,"Braund, Mr. Owen Harris",FEMALE,14.0,0,2,PC 17599,51.8625,nan,nan
613,1,3,"Palsson, Master. Gosta Leonard",female,27.0,1,1,113803,7.25,nan,Q
614,1,2,"Futrelle, Mrs. Jacques Heath",female,22.0,0,0,113803,7.925,C85,Q
615,1,3,"Heikkinen, Miss. Laina",female,54.0,0,0,A/5 21171,7.925,C123,Q
616,0,2,"McCarthy, Mr. Timothy J",FEMALE,27.0,0,1,373450,71.2833,nan,C
617,0,2,"Heikkinen, Miss. Laina",nan,35.0,2,0,373450,51.8625,nan,
618,1,3,"Palsson, Master. Gosta Leonard",male,22.0,3,0,373450,11.1333,C85,Q
619,0,1,"Moran, Mr. James",FEMALE,,1,1,STON/O2. 3101282,53.1,C123,C
620,0,2,"Allen, Mr. William Henry",female,54.0,0,1,PC 17599,8.05,,C
621,1,1,"Futrelle, Mrs. Jacques Heath",,38.0,3,1,113803,7.925,,
622,1,2,"Palsson, Master. Gosta Leonard",Male,14.0,3,0,373450,11.1333,C123,nan
623,0,3,"Palsson, Master. Gosta Leonard",FEMALE,38.0,2,0,A/5 21171,53.1,E46,nan
624,1,3,"Braund, Mr. Owen Harris",FEMALE,26.0,1,2,373450,8.05,C85,Q
625,0,2,"Johnson, Mrs. Oscar W",male,22.0,2,2,PC 17599,7.25,C123,Q
626,1,3,"Allen, Mr. William Henry",male,38.0,3,1,PC 17599,71.2833,,
627,0,2,"Futrelle, Mrs. Jacques Heath",FEMALE,27.0,3,2,113803,11.1333,nan,Q
628,1,3,"Moran, Mr. James",female,38.0,3,0,STON/O2. 3101282,71.2833,,
629,0,1,"Moran, Mr. James",Male,2.0,2,2,113803,8.05,nan,C
630,0,3,"Cumings, Mrs. John Bradley",male,26.0,1,0,373450,21.075,C85,Q
631,0,1,"Palsson, Master. Gosta Leonard",female,35.0,0,1,A/5 21171,7.925,nan,C
632,1,3,"McCarthy, Mr. Timothy J",,14.0,2,1,113803,8.4583,C123,S
633,0,1,"Braund, Mr. Owen Harris",male,26.0,3,0,STON/O2. 3101282,53.1,nan,
634,0,3,"Allen, Mr. William Henry",female,2.0,2,2,113803,51.8625,E46,S
635,1,1,"Moran, Mr. James",female,22.0,3,1,PC 17599,30.0708,C123,Q
636,1,2,"Futrelle, Mrs. Jacques Heath",Male,27.0,0,1,373450,7.925,C85,C
637,0,2,"Cumings, Mrs. John Bradley",Male,14.0,0,2,373450,8.4583,C123,Q
638,0,1,"Futrelle, Mrs. Jacques Heath",,14.0,1,2,373450,30.0708,E46,S
639,1,3,"Braund, Mr. Owen Harris",female,26.0,3,0,373450,11.1333,C85,Q
640,1,1,"McCarthy, Mr. Timothy J",nan,22.0,1,2,373450,30.0708,,nan
641,1,3,"Cumings, Mrs. John Bradley",female,,1,2,373450,7.25,E46,S
642,1,2,"Cumings, Mrs. John Bradley",Male,2.0,0,2,A/5 21171,7.925,C85,Q
643,1,3,"Johnson, Mrs. Oscar W",nan,,2,0,STON/O2. 3101282,71.2833,nan,C
644,0,2,"Allen, Mr. William Henry",male,27.0,2,0,373450,21.075,C123,Q
645,1,3,"Cumings, Mrs. John Bradley",male,22.0,1,1,STON/O2. 3101282,51.8625,C85,C
646,0,3,"Johnson, Mrs. Oscar W",FEMALE,22.0,0,0,373450,71.2833,C123,nan
647,0,3,"Johnson, Mrs. Oscar W",Male,2.0,3,1,113803,8.4583,nan,Q
648,0,1,"Braund, Mr. Owen Harris",FEMALE,54.0,2,2,373450,7.925,C85,nan
649,1,1,"Heikkinen, Miss. Laina",nan,,1,1,PC 17599,21.075,,S
650,0,2,"Futrelle, Mrs. Jacques Heath",Male,38.0,2,1,A/5 21171,30.0708,E46,C
651,0,2,"McCarthy, Mr. Timothy J",,14.0,2,2,113803,7.925,C85,S
652,1,1,"Nasser, Mrs. Nicholas",female,54.0,3,1,113803,30.0708,nan,C
653,0,2,"Futrelle, Mrs. Jacques Heath",,38.0,0,0,PC 17599,11.1333,C85,nan
654,0,1,"Cumings, Mrs. John Bradley",nan,2.0,3,0,373450,7.25,C123,
655,1,3,"McCarthy, Mr. Timothy J",Male,14.0,0,0,A/5 21171,8.05,C85,Q
656,0,2,"Moran, Mr. James",nan,35.0,2,0,113803,7.925,,nan
657,0,2,"Heikkinen, Miss. Laina",female,38.0,1,1,A/5 21171,8.4583,C85,C
658,0,1,"Moran, Mr. James",male,54.0,3,1,113803,30.0708,E46,C
659,1,2,"Moran, Mr. James",male,38.0,0,2,373450,71.2833,C85,C
660,1,2,"Allen, Mr. William Henry",nan,38.0,2,1,113803,11.1333,C123,C
661,1,3,"Futrelle, Mrs. Jacques Heath",FEMALE,2.0,0,1,113803,8.4583,C85,Q
662,0,2,"Nasser, Mrs. Nicholas",Male,,0,1,STON/O2. 3101282,51.8625,,S
663,0,3,"Braund, Mr. Owen Harris",Male,35.0,0,2,373450,8.05,nan,
664,1,1,"Nasser, Mrs. Nicholas",male,2.0,2,0,PC 17599,11.1333,C85,Q
665,0,2,"Moran, Mr. James",,27.0,1,1,PC 17599,7.25,C85,C
666,0,3,"Cumings, Mrs. John Bradley",female,2.0,1,2,373450,8.05,E46,Q
667,1,1,"Heikkinen, Miss. Laina",,14.0,1,2,PC 17599,30.0708,,nan
668,1,2,"Palsson, Master. Gosta Leonard",,35.0,0,2,373450,8.4583,nan,C
669,0,1,"Nasser, Mrs. Nicholas",nan,22.0,2,0,PC 17599,51.8625,C123,
670,0,2,"Moran, Mr. James",male,27.0,0,1,STON/O2. 3101282,53.1,C85,C
671,0,1,"Heikkinen, Miss. Laina",male,26.0,1,2,PC 17599,7.25,nan,
672,1,1,"McCarthy, Mr. Timothy J",male,2.0,1,0,113803,21.075,C123,
673,1,3,"Futrelle, Mrs. Jacques Heath",nan,38.0,2,2,373450,30.0708,,S
674,1,1,"Johnson, Mrs. Oscar W",FEMALE,,0,2,A/5 21171,53.1,,S
675,1,2,"Allen, Mr. William Henry",,22.0,3,2,A/5 21171,7.925,nan,Q
676,0,2,"Heikkinen, Miss. Laina",nan,2.0,3,2,373450,51.8625,C123,Q
677,1,3,"Cumings, Mrs. John Bradley",Male,2.0,1,2,STON/O2. 3101282,71.2833,,
678,1,2,"Cumings, Mrs. John Bradley",female,54.0,2,0,PC 17599,21.075,nan,C
679,1,2,"Heikkinen, Miss. Laina",FEMALE,54.0,0,1,STON/O2. 3101282,8.4583,,nan
680,1,2,"Cumings, Mrs. John Bradley",Male,22.0,0,1,A/5 21171,51.8625,,nan
681,1,1,"Futrelle, Mrs. Jacques Heath",,54.0,1,1,373450,8.05,,C
682,0,1,"Cumings, Mrs. John Bradley",male,38.0,1,1,373450,11.1333,E46,C
683,0,2,"Nasser, Mrs. Nicholas",,27.0,0,0,STON/O2. 3101282,8.05,C123,S
684,1,3,"Johnson, Mrs. Oscar W",nan,26.0,0,0,STON/O2. 3101282,8.05,nan,nan
685,0,1,"Cumings, Mrs. John Bradley",female,35.0,1,0,PC 17599,7.925,nan,
686,1,3,"Johnson, Mrs. Oscar W",nan,26.0,0,2,113803,7.25,C123,Q
687,1,2,"Moran, Mr. James",FEMALE,26.0,3,2,113803,71.2833,C123,S
688,0,2,"Braund, Mr. Owen Harris",FEMALE,35.0,1,2,PC 17599,21.075,C123,nan
689,0,1,"Futrelle, Mrs. Jacques Heath",female,54.0,0,1,113803,7.25,C123,C
690,1,2,"Braund, Mr. Owen Harris",Male,22.0,1,2,A/5 21171,51.8625,C85,nan
691,1,1,"Moran, Mr. James",Male,35.0,2,1,113803,8.05,nan,
692,1,2,"Futrelle, Mrs. Jacques Heath",FEMALE,14.0,1,2,PC 17599,7.925,C85,S
693,0,2,"Heikkinen, Miss. Laina",FEMALE,27.0,1,1,113803,51.8625,,C
694,1,1,"Heikkinen, Miss. Laina",male,,2,2,373450,11.1333,,
695,1,1,"Johnson, Mrs. Oscar W",Male,54.0,3,2,STON/O2. 3101282,71.2833,nan,Q
696,1,1,"Moran, Mr. James",female,35.0,0,0,A/5 21171,21.075,,S
697,0,2,"Johnson, Mrs. Oscar W",Male,14.0,2,2,373450,11.1333,C123,
698,1,2,"Allen, Mr. William Henry",male,,1,2,373450,7.925,C85,
699,1,3,"Cumings, Mrs. John Bradley",nan,27.0,0,0,PC 17599,71.2833,C123,C
700,0,1,"Palsson, Master. Gosta Leonard",FEMALE,27.0,2,1,STON/O2. 3101282,51.8625,,Q
701,1,2,"Allen, Mr. William Henry",FEMALE,54.0,0,0,STON/O2. 3101282,8.05,C85,
702,1,2,"Cumings, Mrs. John Bradley",male,35.0,0,0,A/5 21171,8.05,C123,S
703,0,1,"Futrelle, Mrs. Jacques Heath",female,22.0,2,1,PC 17599,30.0708,nan,
704,1,3,"Johnson, Mrs. Oscar W",FEMALE,27.0,0,2,A/5 21171,8.05,C123,nan
705,0,1,"Futrelle, Mrs. Jacques Heath",,22.0,3,1,113803,53.1,,S
706,0,3,"Futrelle, Mrs. Jacques Heath",FEMALE,22.0,2,2,373450,8.05,C85,S
707,1,2,"Cumings, Mrs. John Bradley",,54.0,3,2,A/5 21171,53.1,nan,
708,1,3,"Moran, Mr. James",male,,1,1,373450,8.4583,C85,C
709,1,2,"Cumings, Mrs. John Bradley",male,2.0,0,0,PC 17599,53.1,nan,S
710,1,1,"McCarthy, Mr. Timothy J",FEMALE,26.0,1,1,113803,71.2833,C85,nan
711,0,1,"Heikkinen, Miss. Laina",Male,26.0,1,2,PC 17599,11.1333,,C
712,1,1,"Heikkinen, Miss. Laina",,27.0,0,1,113803,71.2833,nan,C
713,0,3,"Allen, Mr. William Henry",female,2.0,2,1,113803,11.1333,E46,C
714,1,2,"Heikkinen, Miss. Laina",FEMALE,,0,2,373450,30.0708,C85,S
715,1,1,"Cumings, Mrs. John Bradley",female,2.0,1,0,PC 17599,8.4583,C85,C
716,1,1,"Nasser, Mrs. Nicholas",FEMALE,54.0,1,1,PC 17599,11.1333,C123,
717,0,2,"Johnson, Mrs. Oscar W",Male,27.0,2,2,A/5 21171,11.1333,nan,C
718,1,1,"Cumings, Mrs. John Bradley",Male,22.0,0,2,PC 17599,7.925,E46,nan
719,1,2,"Cumings, Mrs. John Bradley",Male,27.0,1,1,A/5 21171,7.25,,Q
720,1,2,"Palsson, Master. Gosta Leonard",nan,26.0,3,0,STON/O2. 3101282,7.25,C123,nan
721,1,2,"Johnson, Mrs. Oscar W",Male,,1,1,STON/O2. 3101282,7.925,E46,S
722,0,2,"McCarthy, Mr. Timothy J",male,2.0,1,0,STON/O2. 3101282,8.05,nan,C
723,1,2,"Heikkinen, Miss. Laina",male,,2,0,PC 17599,7.925,E46,C
724,0,3,"Johnson, Mrs. Oscar W",nan,54.0,3,0,PC 17599,11.1333,C85,
725,0,1,"Heikkinen, Miss. Laina",,27.0,1,0,A/5 21171,11.1333,C85,C
726,0,3,"Allen, Mr. William Henry",female,35.0,1,1,113803,7.925,C123,nan
727,0,1,"Johnson, Mrs. Oscar W",FEMALE,27.0,3,2,A/5 21171,7.925,nan,S
728,0,3,"Heikkinen, Miss. Laina",FEMALE,22.0,0,2,STON/O2. 3101282,8.05,nan,Q
729,0,2,"McCarthy, Mr. Timothy J",nan,27.0,0,2,A/5 21171,71.2833,E46,C
730,1,1,"Braund, Mr. Owen Harris",male,14.0,1,2,113803,8.4583,C123,Q
731,0,1,"Futrelle, Mrs. Jacques Heath",FEMALE,54.0,1,2,PC 17599,51.8625,nan,C
732,0,3,"Futrelle, Mrs. Jacques Heath",male,38.0,0,2,A/5 21171,11.1333,C85,S
733,0,3,"McCarthy, Mr. Timothy J",,54.0,2,1,STON/O2. 3101282,8.4583,E46,nan
734,1,1,"Palsson, Master. Gosta Leonard",female,2.0,3,0,STON/O2. 3101282,7.925,,S
735,1,3,"Braund, Mr. Owen Harris",,38.0,3,2,PC 17599,8.05,C85,Q
736,0,3,"Allen, Mr. William Henry",nan,2.0,2,1,A/5 21171,53.1,C123,C
737,1,3,"McCarthy, Mr. Timothy J",Male,2.0,2,2,113803,8.05,nan,Q
738,0,2,"Futrelle, Mrs. Jacques Heath",Male,22.0,2,2,PC 17599,21.075,C85,nan
739,0,2,"Futrelle, Mrs. Jacques Heath",Male,22.0,2,0,A/5 21171,21.075,,S
740,1,3,"Futrelle, Mrs. Jacques Heath",,26.0,2,0,373450,8.4583,,Q
741,0,3,"Moran, Mr. James",FEMALE,26.0,2,0,STON/O2. 3101282,7.25,C123,Q
742,1,2,"McCarthy, Mr. Timothy J",female,35.0,3,2,113803,21.075,C85,nan
743,1,2,"Cumings, Mrs. John Bradley",Male,38.0,2,2,113803,21.075,E46,C
744,0,1,"Allen, Mr. William Henry",nan,,0,2,113803,71.2833,C85,Q
745,0,1,"Futrelle, Mrs. Jacques Heath",nan,27.0,2,0,STON/O2. 3101282,53.1,,nan
746,1,2,"Heikkinen, Miss. Laina",Male,27.0,2,1,A/5 21171,71.2833,C123,C
747,0,3,"McCarthy, Mr. Timothy J",Male,2.0,3,2,PC 17599,53.1,C123,C
748,0,3,"Moran, Mr. James",female,26.0,3,2,A/5 21171,30.0708,E46,S
749,0,3,"McCarthy, Mr. Timothy J",Male,2.0,2,2,PC 17599,51.8625,C123,nan
750,1,3,"Allen, Mr. William Henry",female,14.0,3,1,113803,11.1333,C123,C
751,1,1,"Moran, Mr. James",nan,14.0,1,2,A/5 21171,21.075,C123,S
752,0,2,"Allen, Mr. William Henry",Male,,3,1,113803,11.1333,C123,
753,1,3,"McCarthy, Mr. Timothy J",,22.0,3,2,373450,21.075,C123,nan
754,1,1,"Cumings, Mrs. John Bradley",,22.0,3,1,113803,71.2833,,
755,1,3,"Allen, Mr. William Henry",nan,26.0,3,2,113803,51.8625,C85,C
756,1,2,"Moran, Mr. James",female,26.0,0,0,PC 17599,71.2833,nan,nan
757,1,1,"Moran, Mr. James",,14.0,0,0,373450,71.2833,C123,S
758,0,2,"Allen, Mr. William Henry",female,22.0,0,0,113803,53.1,nan,C
759,0,2,"Nasser, Mrs. Nicholas",,38.0,2,0,113803,7.25,nan,nan
760,0,1,"McCarthy, Mr. Timothy J",,38.0,2,2,373450,8.05,,nan
761,1,1,"Nasser, Mrs. Nicholas",female,26.0,1,0,373450,8.4583,C123,
762,1,1,"Palsson, Master. Gosta Leonard",FEMALE,2.0,0,1,A/5 21171,11.1333,nan,C
763,0,1,"McCarthy, Mr. Timothy J",,22.0,2,0,PC 17599,30.0708,C123,S
764,1,1,"Allen, Mr. William Henry",Male,38.0,3,0,373450,21.075,E46,S
765,0,1,"Braund, Mr. Owen Harris",nan,22.0,3,0,373450,71.2833,E46,C
766,0,1,"Allen, Mr. William Henry",FEMALE,54.0,0,2,STON/O2. 3101282,7.25,E46,C
767,0,3,"Nasser, Mrs. Nicholas",female,27.0,1,0,373450,71.2833,nan,Q
768,1,2,"Cumings, Mrs. John Bradley",FEMALE,14.0,1,1,PC 17599,51.8625,E46,
769,1,1,"Allen, Mr. William Henry",male,22.0,3,0,113803,53.1,,C
770,0,3,"Allen, Mr. William Henry",male,27.0,1,0,113803,30.0708,,C
771,0,3,"Cumings, Mrs. John Bradley",,54.0,0,0,113803,8.05,nan,Q
772,0,3,"Allen, Mr. William Henry",,22.0,3,1,113803,51.8625,C123,Q
773,0,2,"Futrelle, Mrs. Jacques Heath",Male,26.0,2,0,STON/O2. 3101282,7.925,C85,nan
774,1,1,"Braund, Mr. Owen Harris",nan,27.0,2,1,373450,30.0708,C123,S
775,1,3,"Heikkinen, Miss. Laina",FEMALE,22.0,1,1,113803,71.2833,C123,
776,0,2,"Braund, Mr. Owen Harris",male,27.0,3,0,A/5 21171,51.8625,C123,nan
777,0,2,"Allen, Mr. William Henry",,54.0,3,1,113803,8.05,C123,C
778,1,2,"Futrelle, Mrs. Jacques Heath",nan,22.0,2,2,373450,7.25,C85,Q
779,1,3,"McCarthy, Mr. Timothy J",FEMALE,22.0,3,0,113803,7.25,E46,S
780,0,1,"Allen, Mr. William Henry",,22.0,3,0,STON/O2. 3101282,11.1333,C123,nan
781,0,3,"Nasser, Mrs. Nicholas",,,3,1,PC 17599,8.05,,S
782,0,3,"Futrelle, Mrs. Jacques Heath",male,26.0,1,1,PC 17599,7.25,nan,Q
783,1,1,"Cumings, Mrs. John Bradley",male,54.0,3,0,373450,51.8625,nan,nan
784,1,1,"Futrelle, Mrs. Jacques Heath",,,0,2,PC 17599,11.1333,,nan
785,1,1,"Cumings, Mrs. John Bradley",female,2.0,1,1,PC 17599,7.25,C123,S
786,0,2,"Palsson, Master. Gosta Leonard",,,3,1,A/5 21171,30.0708,C85,Q
787,0,1,"Heikkinen, Miss. Laina",nan,14.0,3,2,373450,53.1,E46,C
788,1,3,"Johnson, Mrs. Oscar W",,14.0,0,2,373450,7.925,nan,nan
789,1,1,"Futrelle, Mrs. Jacques Heath",Male,22.0,1,0,PC 17599,8.05,E46,C
790,0,3,"Moran, Mr. James",Male,,2,2,PC 17599,51.8625,C85,Q
791,1,2,"Nasser, Mrs. Nicholas",Male,2.0,2,0,PC 17599,21.075,nan,nan
792,1,3,"Allen, Mr. William Henry",female,,1,2,STON/O2. 3101282,71.2833,E46,nan
793,0,3,"Nasser, Mrs. Nicholas",female,26.0,3,1,113803,51.8625,C85,C
794,1,1,"Braund, Mr. Owen Harris",,26.0,3,0,STON/O2. 3101282,7.25,E46,
795,0,1,"Johnson, Mrs. Oscar W",Male,2.0,2,0,373450,51.8625,C123,C
796,0,3,"Braund, Mr. Owen Harris",female,,2,0,A/5 21171,21.075,C85,C
797,0,1,"Palsson, Master. Gosta Leonard",male,27.0,2,2,113803,71.2833,E46,
798,0,2,"Johnson, Mrs. Oscar W",,26.0,0,1,A/5 21171,11.1333,C123,Q
799,0,2,"Johnson, Mrs. Oscar W",nan,26.0,2,0,373450,7.25,C123,Q
800,0,1,"Braund, Mr. Owen Harris",FEMALE,38.0,0,0,373450,8.4583,C85,nan
801,0,2,"Cumings, Mrs. John Bradley",,,1,0,A/5 21171,7.25,,S
802,1,1,"Braund, Mr. Owen Harris",FEMALE,26.0,3,0,A/5 21171,7.925,nan,S
803,0,3,"Nasser, Mrs. Nicholas",Male,54.0,2,1,A/5 21171,8.4583,C85,nan
804,0,3,"Cumings, Mrs. John Bradley",FEMALE,,3,2,373450,7.925,C123,S
805,1,2,"Nasser, Mrs. Nicholas",Male,14.0,3,1,PC 17599,21.075,C123,C
806,1,1,"Palsson, Master. Gosta Leonard",male,38.0,2,0,A/5 21171,8.05,C85,C
807,1,1,"Allen, Mr. William Henry",FEMALE,26.0,2,1,113803,71.2833,,
808,0,2,"McCarthy, Mr. Timothy J",,38.0,1,0,373450,53.1,nan,
809,1,3,"Cumings, Mrs. John Bradley",Male,14.0,0,2,STON/O2. 3101282,11.1333,E46,nan
810,0,2,"Palsson, Master. Gosta Leonard",,2.0,0,2,STON/O2. 3101282,53.1,C85,nan
811,0,3,"Moran, Mr. James",female,2.0,3,2,113803,30.0708,nan,nan
812,0,1,"Palsson, Master. Gosta Leonard",Male,,2,0,PC 17599,30.0708,nan,C
813,0,3,"Braund, Mr. Owen Harris",FEMALE,14.0,1,1,A/5 21171,21.075,C123,S
814,1,2,"Braund, Mr. Owen Harris",Male,35.0,1,2,373450,8.05,E46,nan
815,1,1,"McCarthy, Mr. Timothy J",,35.0,1,0,A/5 21171,30.0708,C85,nan
816,0,2,"Palsson, Master. Gosta Leonard",male,,1,0,373450,7.25,C123,C
817,0,2,"Heikkinen, Miss. Laina",Male,22.0,1,1,STON/O2. 3101282,51.8625,C123,C
818,0,3,"Allen, Mr. William Henry",FEMALE,38.0,0,2,A/5 21171,7.925,,C
819,1,2,"Braund, Mr. Owen Harris",female,38.0,0,0,113803,30.0708,nan,S
820,0,3,"McCarthy, Mr. Timothy J",nan,2.0,0,1,PC 17599,21.075,C85,nan
821,0,1,"Allen, Mr. William Henry",male,35.0,2,2,113803,7.925,C85,Q
822,1,3,"Palsson, Master. Gosta Leonard",female,26.0,3,1,PC 17599,7.25,C85,Q
823,1,1,"Palsson, Master. Gosta Leonard",Male,26.0,1,1,A/5 21171,8.05,C123,nan
824,0,3,"Johnson, Mrs. Oscar W",,26.0,2,0,A/5 21171,71.2833,,nan
825,1,2,"McCarthy, Mr. Timothy J",,2.0,1,0,PC 17599,53.1,E46,nan
826,1,3,"Braund, Mr. Owen Harris",FEMALE,14.0,0,0,STON/O2. 3101282,7.25,C123,nan
827,0,3,"Heikkinen, Miss. Laina",,27.0,2,1,373450,11.1333,E46,S
828,1,1,"Palsson, Master. Gosta Leonard",male,35.0,0,0,113803,8.4583,,Q
829,0,2,"Heikkinen, Miss. Laina",,35.0,1,1,113803,21.075,nan,
830,1,3,"Palsson, Master. Gosta Leonard",FEMALE,38.0,1,1,113803,53.1,C85,Q
831,0,2,"Braund, Mr. Owen Harris",nan,22.0,3,0,A/5 21171,11.1333,E46,Q
832,0,3,"Allen, Mr. William Henry",Male,,1,2,113803,71.2833,C123,C
833,0,3,"Futrelle, Mrs. Jacques Heath",Male,38.0,0,2,373450,11.1333,E46,nan
834,1,2,"Allen, Mr. William Henry",,14.0,1,2,373450,8.05,nan,nan
835,0,3,"Palsson, Master. Gosta Leonard",female,,3,1,PC 17599,8.4583,C85,nan
836,1,2,"Nasser, Mrs. Nicholas",Male,35.0,3,1,A/5 21171,7.925,E46,C
837,0,3,"Futrelle, Mrs. Jacques Heath",nan,14.0,0,1,373450,53.1,nan,S
838,0,1,"Futrelle, Mrs. Jacques Heath",,,2,0,STON/O2. 3101282,8.4583,C123,S
839,1,2,"Heikkinen, Miss. Laina",FEMALE,54.0,1,1,A/5 21171,51.8625,,
840,0,3,"McCarthy, Mr. Timothy J",nan,27.0,3,0,A/5 21171,7.25,C123,S
841,0,3,"Heikkinen, Miss. Laina",,35.0,1,0,373450,51.8625,C85,S
842,1,1,"Heikkinen, Miss. Laina",nan,22.0,1,2,STON/O2. 3101282,7.25,C123,nan
843,0,2,"Nasser, Mrs. Nicholas",Male,26.0,2,2,PC 17599,8.05,C123,Q
844,0,3,"Allen, Mr. William Henry",FEMALE,54.0,3,2,373450,8.4583,C123,S
845,0,1,"Allen, Mr. William Henry",,26.0,1,0,STON/O2. 3101282,71.2833,C123,S
846,0,3,"Moran, Mr. James",male,27.0,3,0,A/5 21171,30.0708,C85,C
847,1,2,"Palsson, Master. Gosta Leonard",FEMALE,,0,0,STON/O2. 3101282,11.1333,nan,
848,1,3,"Nasser, Mrs. Nicholas",male,2.0,0,1,A/5 21171,30.0708,E46,C
849,0,3,"Moran, Mr. James",nan,22.0,1,0,373450,8.4583,,nan
850,1,3,"Braund, Mr. Owen Harris",female,27.0,3,2,373450,51.8625,E46,Q
851,0,3,"Palsson, Master. Gosta Leonard",FEMALE,26.0,1,2,113803,30.0708,E46,
852,1,1,"Palsson, Master. Gosta Leonard",nan,54.0,3,0,113803,21.075,,C
853,0,1,"Johnson, Mrs. Oscar W",male,35.0,3,0,113803,30.0708,C85,S
854,0,2,"Johnson, Mrs. Oscar W",Male,54.0,2,2,373450,7.25,,S
855,0,1,"Cumings, Mrs. John Bradley",Male,54.0,2,0,PC 17599,21.075,C85,
856,0,1,"Cumings, Mrs. John Bradley",female,2.0,2,2,373450,53.1,E46,S
857,0,2,"Heikkinen, Miss. Laina",FEMALE,2.0,1,1,STON/O2. 3101282,30.0708,C85,C
858,0,1,"Braund, Mr. Owen Harris",FEMALE,14.0,2,2,373450,21.075,nan,C
859,1,1,"Futrelle, Mrs. Jacques Heath",FEMALE,14.0,2,1,373450,8.4583,,S
860,0,2,"Futrelle, Mrs. Jacques Heath",nan,,0,0,A/5 21171,11.1333,nan,S
861,1,2,"Johnson, Mrs. Oscar W",female,14.0,3,0,A/5 21171,53.1,E46,nan
862,0,2,"Johnson, Mrs. Oscar W",FEMALE,38.0,3,1,A/5 21171,71.2833,,Q
863,1,3,"Johnson, Mrs. Oscar W",nan,22.0,2,0,373450,71.2833,E46,
864,1,3,"Nasser, Mrs. Nicholas",Male,38.0,3,1,PC 17599,8.05,nan,C
865,1,2,"McCarthy, Mr. Timothy J",male,38.0,0,0,STON/O2. 3101282,30.0708,E46,
866,0,2,"Cumings, Mrs. John Bradley",nan,26.0,0,2,STON/O2. 3101282,11.1333,,nan
867,0,2,"Nasser, Mrs. Nicholas",Male,27.0,2,0,PC 17599,7.925,,C
868,1,3,"Allen, Mr. William Henry",Male,38.0,0,2,PC 17599,21.075,E46,nan
869,0,3,"Futrelle, Mrs. Jacques Heath",male,22.0,3,2,STON/O2. 3101282,53.1,,nan
870,1,1,"Palsson, Master. Gosta Leonard",Male,2.0,1,1,113803,8.4583,,S
871,0,1,"Cumings, Mrs. John Bradley",female,,3,0,A/5 21171,30.0708,E46,
872,1,2,"Moran, Mr. James",male,26.0,1,1,A/5 21171,8.4583,nan,
873,1,3,"Allen, Mr. William Henry",Male,2.0,2,0,STON/O2. 3101282,7.925,,S
874,0,3,"Cumings, Mrs. John Bradley",,26.0,1,2,PC 17599,8.05,,
875,1,3,"Nasser, Mrs. Nicholas",nan,22.0,0,2,113803,7.925,,S
876,0,2,"Braund, Mr. Owen Harris",Male,54.0,3,0,STON/O2. 3101282,7.25,,C
877,1,1,"Palsson, Master. Gosta Leonard",female,35.0,1,0,A/5 21171,51.8625,E46,nan
878,1,2,"Cumings, Mrs. John Bradley",FEMALE,27.0,3,1,373450,53.1,nan,nan
879,0,1,"McCarthy, Mr. Timothy J",Male,2.0,2,0,PC 17599,51.8625,nan,
880,0,1,"Johnson, Mrs. Oscar W",FEMALE,27.0,2,0,373450,7.925,C85,Q
881,0,2,"Johnson, Mrs. Oscar W",,54.0,0,0,STON/O2. 3101282,8.05,,nan
882,1,1,"Palsson, Master. Gosta Leonard",Male,35.0,2,1,A/5 21171,8.05,,S
883,0,1,"Nasser, Mrs. Nicholas",male,27.0,1,0,113803,71.2833,C85,Q
884,1,3,"Johnson, Mrs. Oscar W",FEMALE,27.0,2,2,373450,30.0708,nan,Q
885,1,1,"Cumings, Mrs. John Bradley",,2.0,0,1,113803,71.2833,C123,nan
886,0,2,"Moran, Mr. James",male,14.0,3,1,A/5 21171,53.1,C123,nan
887,0,2,"Futrelle, Mrs. Jacques Heath",male,35.0,3,2,373450,53.1,nan,nan
888,1,1,"Futrelle, Mrs. Jacques Heath",male,54.0,2,2,113803,53.1,,S
889,1,3,"Allen, Mr. William Henry",male,35.0,1,2,113803,8.4583,C123,Q
890,0,3,"Heikkinen, Miss. Laina",Male,22.0,0,0,373450,71.2833,E46,
891,0,1,"Braund, Mr. Owen Harris",nan,14.0,1,2,A/5 21171,8.4583,E46,S
892,0,1,"Palsson, Master. Gosta Leonard",Male,22.0,0,0,113803,51.8625,C85,C
893,0,2,"Allen, Mr. William Henry",Male,54.0,2,1,STON/O2. 3101282,30.0708,nan,nan
894,0,1,"Heikkinen, Miss. Laina",,2.0,0,1,373450,7.925,nan,Q
895,1,3,"Nasser, Mrs. Nicholas",,2.0,0,2,PC 17599,21.075,C123,S
896,1,1,"McCarthy, Mr. Timothy J",nan,54.0,2,0,PC 17599,71.2833,,C
897,1,2,"McCarthy, Mr. Timothy J",,26.0,1,2,A/5 21171,21.075,nan,S
898,1,2,"Braund, Mr. Owen Harris",female,54.0,2,2,STON/O2. 3101282,8.05,C123,S
899,0,2,"Johnson, Mrs. Oscar W",nan,14.0,0,0,113803,71.2833,C123,
900,0,2,"Cumings, Mrs. John Bradley",,38.0,2,2,PC 17599,51.8625,nan,
901,0,2,"Allen, Mr. William Henry",nan,2.0,0,1,A/5 21171,71.2833,C123,S
902,1,1,"Allen, Mr. William Henry",Male,,2,2,STON/O2. 3101282,8.4583,C85,C
903,1,1,"Palsson, Master. Gosta Leonard",Male,14.0,3,0,STON/O2. 3101282,30.0708,C85,Q
904,0,1,"Palsson, Master. Gosta Leonard",nan,14.0,3,0,A/5 21171,7.925,nan,Q
905,0,1,"McCarthy, Mr. Timothy J",female,14.0,2,1,A/5 21171,11.1333,,nan
906,1,2,"McCarthy, Mr. Timothy J",female,27.0,1,0,113803,7.925,C85,nan
907,1,3,"Moran, Mr. James",nan,14.0,0,0,A/5 21171,7.925,C85,Q
908,0,1,"Moran, Mr. James",,2.0,3,1,113803,8.05,nan,S
909,0,3,"Johnson, Mrs. Oscar W",FEMALE,38.0,1,2,113803,51.8625,E46,S
910,1,1,"Moran, Mr. James",female,38.0,0,1,373450,21.075,C123,
911,0,1,"Cumings, Mrs. John Bradley",male,14.0,3,2,STON/O2. 3101282,51.8625,C85,
912,0,3,"Cumings, Mrs. John Bradley",Male,22.0,3,1,STON/O2. 3101282,11.1333,E46,nan
913,0,2,"Allen, Mr. William Henry",nan,2.0,2,2,STON/O2. 3101282,8.05,,Q
914,1,1,"Futrelle, Mrs. Jacques Heath",male,2.0,0,1,373450,30.0708,E46,S
915,1,1,"Cumings, Mrs. John Bradley",nan,35.0,1,2,113803,7.925,nan,Q
916,1,1,"Heikkinen, Miss. Laina",Male,26.0,1,1,113803,8.4583,,C
917,1,3,"McCarthy, Mr. Timothy J",Male,26.0,1,2,A/5 21171,8.05,,Q
918,1,2,"Palsson, Master. Gosta Leonard",female,22.0,0,1,373450,53.1,E46,C
919,1,3,"Moran, Mr. James",female,26.0,1,0,A/5 21171,71.2833,nan,
920,1,3,"Allen, Mr. William Henry",male,35.0,1,2,373450,51.8625,C85,
921,0,2,"Braund, Mr. Owen Harris",nan,54.0,1,1,A/5 21171,8.05,E46,nan
922,0,3,"Palsson, Master. Gosta Leonard",Male,26.0,2,2,PC 17599,53.1,C85,Q
923,0,2,"Heikkinen, Miss. Laina",male,2.0,2,2,STON/O2. 3101282,21.075,E46,Q
924,0,1,"Moran, Mr. James",FEMALE,54.0,0,1,STON/O2. 3101282,11.1333,C85,C
925,0,2,"Heikkinen, Miss. Laina",male,26.0,0,2,113803,11.1333,E46,
926,0,1,"McCarthy, Mr. Timothy J",,2.0,1,1,PC 17599,7.925,,C
927,0,3,"McCarthy, Mr. Timothy J",male,2.0,2,0,STON/O2. 3101282,7.925,C123,
928,1,3,"Johnson, Mrs. Oscar W",,14.0,3,2,113803,8.05,,C
929,1,1,"Allen, Mr. William Henry",,38.0,3,0,PC 17599,8.05,C85,
930,0,3,"Palsson, Master. Gosta Leonard",,22.0,1,2,STON/O2. 3101282,30.0708,nan,C
931,0,2,"Nasser, Mrs. Nicholas",FEMALE,35.0,1,2,A/5 21171,71.2833,,
932,1,1,"Nasser, Mrs. Nicholas",male,27.0,2,2,373450,7.25,C123,C
933,0,3,"Palsson, Master. Gosta Leonard",male,26.0,2,1,PC 17599,21.075,C85,Q
934,0,1,"Braund, Mr. Owen Harris",FEMALE,26.0,2,0,113803,7.925,,nan
935,1,2,"Allen, Mr. William Henry",Male,54.0,0,2,PC 17599,7.25,E46,C
936,0,2,"Heikkinen, Miss. Laina",female,54.0,0,1,113803,7.25,nan,nan
937,1,3,"Braund, Mr. Owen Harris",male,26.0,1,2,PC 17599,71.2833,C85,Q
938,0,2,"Futrelle, Mrs. Jacques Heath",female,,0,1,113803,8.4583,,Q
939,1,1,"Palsson, Master. Gosta Leonard",nan,35.0,2,2,STON/O2. 3101282,8.4583,C85,
940,1,2,"Heikkinen, Miss. Laina",nan,26.0,2,0,A/5 21171,7.925,E46,nan
941,1,1,"Nasser, Mrs. Nicholas",FEMALE,38.0,0,0,STON/O2. 3101282,53.1,C123,S
942,0,1,"Cumings, Mrs. John Bradley",nan,,3,2,A/5 21171,71.2833,,
943,1,2,"Johnson, Mrs. Oscar W",nan,35.0,1,1,STON/O2. 3101282,71.2833,C85,nan
944,0,3,"Nasser, Mrs. Nicholas",Male,26.0,3,2,STON/O2. 3101282,51.8625,C85,C
945,0,2,"Allen, Mr. William Henry",Male,27.0,1,1,PC 17599,7.25,C85,C
946,0,1,"McCarthy, Mr. Timothy J",Male,14.0,3,2,373450,51.8625,C123,Q
947,0,1,"Cumings, Mrs. John Bradley",nan,38.0,0,1,113803,7.25,C85,S
948,1,2,"Johnson, Mrs. Oscar W",FEMALE,27.0,1,0,113803,8.4583,nan,C
949,1,3,"Johnson, Mrs. Oscar W",,54.0,1,2,113803,7.925,nan,nan
950,0,3,"Futrelle, Mrs. Jacques Heath",,54.0,1,0,A/5 21171,21.075,C85,nan
951,0,1,"Futrelle, Mrs. Jacques Heath",female,26.0,2,0,113803,8.4583,nan,C
952,1,1,"Moran, Mr. James",,54.0,2,2,113803,71.2833,,nan
953,0,3,"Nasser, Mrs. Nicholas",,38.0,3,2,PC 17599,21.075,nan,nan
954,1,2,"Nasser, Mrs. Nicholas",Male,35.0,0,1,STON/O2. 3101282,8.05,C85,Q
955,0,1,"Nasser, Mrs. Nicholas",Male,2.0,2,1,113803,21.075,E46,S
956,0,1,"Moran, Mr. James",nan,22.0,1,0,373450,21.075,,Q
957,1,3,"Braund, Mr. Owen Harris",female,35.0,2,1,113803,8.4583,C123,S
958,0,2,"Johnson, Mrs. Oscar W",male,2.0,0,1,A/5 21171,71.2833,C85,nan
959,1,3,"Cumings, Mrs. John Bradley",female,,2,2,A/5 21171,21.075,C123,S
960,0,2,"Allen, Mr. William Henry",female,38.0,1,1,A/5 21171,8.4583,E46,nan
961,0,2,"Johnson, Mrs. Oscar W",FEMALE,27.0,3,0,113803,8.4583,C123,nan
962,0,2,"Futrelle, Mrs. Jacques Heath",nan,2.0,1,1,PC 17599,21.075,C85,Q
963,1,1,"Heikkinen, Miss. Laina",FEMALE,38.0,0,0,373450,7.25,C85,Q
964,0,3,"McCarthy, Mr. Timothy J",female,14.0,3,2,113803,71.2833,E46,
965,0,3,"Moran, Mr. James",female,27.0,2,0,PC 17599,11.1333,C85,C
966,0,2,"Palsson, Master. Gosta Leonard",female,54.0,2,1,PC 17599,21.075,E46,
967,0,1,"Heikkinen, Miss. Laina",,54.0,2,2,113803,51.8625,E46,
968,1,1,"Allen, Mr. William Henry",FEMALE,27.0,3,1,113803,51.8625,C85,S
969,1,3,"Nasser, Mrs. Nicholas",female,,1,2,PC 17599,8.05,nan,nan
970,0,1,"Futrelle, Mrs. Jacques Heath",Male,,3,2,PC 17599,71.2833,E46,nan
971,1,1,"Futrelle, Mrs. Jacques Heath",nan,,3,1,PC 17599,8.4583,C85,nan
972,0,2,"Futrelle, Mrs. Jacques Heath",nan,2.0,0,1,113803,30.0708,nan,C
973,0,1,"Nasser, Mrs. Nicholas",Male,2.0,3,2,PC 17599,7.925,E46,S
974,0,2,"Palsson, Master. Gosta Leonard",nan,26.0,2,2,A/5 21171,53.1,nan,S
975,1,3,"Moran, Mr. James",,22.0,1,1,113803,30.0708,,nan
976,1,1,"Heikkinen, Miss. Laina",,27.0,1,0,A/5 21171,71.2833,,
977,1,3,"Nasser, Mrs. Nicholas",male,35.0,1,1,STON/O2. 3101282,71.2833,nan,C
978,1,3,"Allen, Mr. William Henry",male,22.0,2,2,113803,21.075,E46,
979,1,1,"Moran, Mr. James",male,14.0,2,1,STON/O2. 3101282,21.075,C85,Q
980,1,1,"Allen, Mr. William Henry",nan,2.0,2,0,PC 17599,30.0708,C123,S
981,1,3,"Moran, Mr. James",,2.0,2,1,PC 17599,8.4583,C85,S
982,1,1,"Palsson, Master. Gosta Leonard",,38.0,2,2,373450,8.05,C123,
983,1,2,"McCarthy, Mr. Timothy J",,22.0,3,1,PC 17599,21.075,C123,C
984,0,2,"Allen, Mr. William Henry",Male,38.0,2,2,STON/O2. 3101282,53.1,E46,S
985,1,1,"Nasser, Mrs. Nicholas",,35.0,2,2,PC 17599,53.1,nan,
986,1,3,"Moran, Mr. James",Male,38.0,2,1,113803,8.05,C85,C
987,1,1,"Futrelle, Mrs. Jacques Heath",male,22.0,2,2,PC 17599,7.25,nan,
988,1,1,"Johnson, Mrs. Oscar W",male,27.0,1,2,373450,7.25,,C
989,1,3,"Futrelle, Mrs. Jacques Heath",nan,14.0,2,0,PC 17599,71.2833,E46,nan
990,1,3,"Braund, Mr. Owen Harris",male,2.0,3,0,STON/O2. 3101282,21.075,E46,C
991,1,2,"McCarthy, Mr. Timothy J",nan,35.0,3,0,STON/O2. 3101282,51.8625,,Q
992,1,3,"McCarthy, Mr. Timothy J",female,2.0,3,0,PC 17599,30.0708,C85,nan
993,1,2,"Futrelle, Mrs. Jacques Heath",female,26.0,0,2,STON/O2. 3101282,11.1333,,
994,1,3,"Heikkinen, Miss. Laina",FEMALE,14.0,1,1,STON/O2. 3101282,8.05,C85,nan
995,1,1,"Palsson, Master. Gosta Leonard",nan,38.0,2,2,373450,71.2833,C123,nan
996,0,2,"Allen, Mr. William Henry",FEMALE,54.0,0,2,113803,51.8625,E46,
997,0,2,"Nasser, Mrs. Nicholas",FEMALE,22.0,2,2,373450,21.075,C85,
998,1,2,"McCarthy, Mr. Timothy J",female,2.0,0,1,A/5 21171,51.8625,nan,Q
999,1,1,"Futrelle, Mrs. Jacques Heath",nan,38.0,0,0,373450,51.8625,nan,
1000,0,1,"Futrelle, Mrs. Jacques Heath",female,35.0,3,2,PC 17599,8.05,E46,S
